A,Uma,0
Ability,Habilidade,0
Able,Capaz,0
Abortion,Aborto,0
About,Cerca De,0
About,Cerca De,0
Above,Acima,0
Above,Acima,0
Abroad,Fora Do País,0
Absence,Ausência,0
Absolute,Absoluto,0
Absolutely,Absolutamente,0
Abstract,Resumo,0
Abuse,Abuso,0
Academic,Acadêmico,0
Accent,Sotaque,0
Acceptable,Aceitável,0
Acceptance,Aceitação,0
Access,Acesso,0
Accessible,Acessível,0
Accident,Acidente,0
Accomplishment,Realização,0
According,De Acordo Com,0
Account,Conta,0
Accountability,Responsabilidade,0
Accounting,Contabilidade,0
Accuracy,Precisão,0
Accurate,Preciso,0
Accurately,Com Precisão,0
Accusation,Acusação,0
Achievement,Realização,0
Acid,Ácido,0
Across,Através,0
Across,Através,0
Act,Agir,0
Action,Açao,0
Active,Ativo,0
Actively,Ativamente,0
Activist,Ativista,0
Activity,Atividade,0
Actor,Ator,0
Actress,Atriz,0
Actual,Real,0
Actually,Na Verdade,0
Ad,De Anúncios,0
Added,Adicionado,0
Addition,Adição,0
Addition,Adição,0
Additional,Adicional,0
Address,Morada,0
Adequate,Adequado,0
Adjustment,Ajustamento,0
Administration,Administração,0
Administrative,Administrativo,0
Administrator,Administrador,0
Admission,Admissão,0
Adolescent,Adolescente,0
Adoption,Adoção,0
Adult,Adulto,0
Advance,Avançar,0
Advanced,Avançado,0
Advantage,Vantagem,0
Adventure,Aventura,0
Advertising,Publicidade,0
Advice,Adendo,0
Adviser,Conselheiro,0
Advocate,Advogado,0
Aesthetic,Estética,0
Affair,Caso,0
Afraid,Com Medo,0
African,Africano,0
African-American,Afro-Americano,0
After,Depois De,0
After,Depois De,0
Afternoon,Tarde,0
Afterward,Depois,0
Again,Novamente,0
Against,Contra,0
Age,Era,0
Agency,Agência,0
Agenda,Agenda,0
Agent,Agente,0
Aggression,Agressão,0
Aggressive,Agressivo,0
Ago,Atrás,0
Agreement,Acordo,0
Agricultural,Agrícola,0
Agriculture,Agricultura,0
Ah,Ah,0
Ahead,À Frente,0
Ahead,À Frente,0
Aid,Ajuda,0
Aide,Ajudante,0
Aids,Auxilia,0
Aim,Mirar,0
Air,Ar,0
Aircraft,Aeronave,0
Airline,Cia Aérea,0
Airplane,Avião,0
Airport,Aeroporto,0
Aisle,Corredor,0
Alarm,Alarme,0
Album,Álbum,0
Alcohol,Álcool,0
Alien,Estrangeiro,0
Alike,Parecido,0
Alive,Vivo,0
All,Tudo,0
All,Tudo,0
Allegation,Alegação,0
Alleged,Alegado,0
Allegedly,Alegadamente,0
Alley,Beco,0
Alliance,Aliança,0
Ally,Aliado,0
Almost,Quase,0
Alone,Sozinho,0
Alone,Sozinho,0
Along,Ao Longo,0
Along,Ao Longo,0
Alongside,Ao Lado,0
Already,Já,0
Also,Tb,0
Alternative,Alternativo,0
Alternative,Alternativo,0
Although,Apesar,0
Altogether,Completamente,0
Aluminum,Alumínio,0
Always,Sempre,0
Am,Sou,0
Amazing,Surpreendente,0
Ambassador,Embaixador,0
Ambition,Ambição,0
Ambitious,Ambicioso,0
Amendment,Emenda,0
American,Americano,0
American,Americano,0
Amid,Entre,0
Among,Dentre,0
Amount,Montante,0
Analysis,Análise,0
Analyst,Analista,0
Ancestor,Antepassado,0
Ancient,Antigo,0
And,E,0
And/Or,E / Ou,0
Angel,Anjo,0
Anger,Raiva,0
Angle,Ângulo,0
Angry,Nervoso,0
Animal,Animal,0
Ankle,Tornozelo,0
Anniversary,Aniversário,0
Announcement,Anúncio,0
Annual,Anual,0
Annually,Anualmente,0
Anonymous,Anônimo,0
Another,Outro,0
Another,Outro,0
Answer,Responder,0
Anxiety,Ansiedade,0
Anxious,Ansioso,0
Any,Qualquer,0
Any,Qualquer,0
Anybody,Qualquer Pessoa,0
Anymore,Não Mais,0
Anyone,Qualquer Um,0
Anything,Nada,0
Anyway,De Qualquer Forma,0
Anywhere,Qualquer Lugar,0
Apart,Separado,0
Apart,Separado,0
Apartment,Apartamento,0
Apology,Desculpa,0
Apparent,Aparente,0
Apparently,Aparentemente,0
Appeal,Apelo,0
Appearance,Aparência,0
Apple,Maçã,0
Application,Aplicativo,0
Appointment,Compromisso,0
Appreciation,Apreciação,0
Approach,Aproximação,0
Appropriate,Apropriado,0
Approval,Aprovação,0
Approximately,Aproximadamente,0
Arab,Árabe,0
Arab,Árabe,0
Architect,Arquiteto,0
Architecture,Arquitetura,0
Area,Área,0
Arena,Arena,0
Argument,Argumento,0
Arm,Braço,0
Armed,Armado,0
Army,Exército,0
Around,Por Aí,0
Around,Por Aí,0
Arrangement,Arranjo,0
Array,Variedade,0
Arrest,Prender Prisão,0
Arrival,Chegada,0
Arrow,Flecha,0
Art,Arte,0
Article,Artigo,0
Artifact,Artefato,0
Artificial,Artificial,0
Artist,Artista,0
Artistic,Artístico,0
As,Como,0
As,Como,0
As,Como,0
Ash,Cinzas,0
Asian,Asiáticos,0
Aside,"A Parte, De Lado",0
Asleep,Dormindo,0
Aspect,Aspecto,0
Ass,Bunda,0
Assault,Assalto,0
Assembly,Conjunto,0
Assessment,Avaliação,0
Asset,Ativo,0
Assignment,Atribuição,0
Assistance,Assistência,0
Assistant,Assistente,0
Assistant,Assistente,0
Associate,Associado,0
Associate,Associado,0
Associated,Associado,0
Association,Associação,0
Assumption,Suposição,0
Astronomer,Astrônomo,0
At,No,0
Athlete,Atleta,0
Athletic,Atlético,0
Atmosphere,Atmosfera,0
Atop,Em Cima,0
Attack,Ataque,0
Attempt,Tentar,0
Attendance,Comparecimento,0
Attention,Atenção,0
Attitude,Atitude,0
Attorney,Advogado,0
Attraction,Atração,0
Attractive,Atraente,0
Auction,Leilão,0
Audience,Público,0
Aunt,Tia,0
Author,Autor,0
Authority,Autoridade,0
Auto,Auto,0
Automatic,Automático,0
Automatically,Automaticamente,0
Automobile,Automóvel,0
Autonomy,Autonomia,0
Availability,Disponibilidade,0
Available,Acessível,0
Average,Média,0
Average,Média,0
Awake,Desperto,0
Award,Prêmio,0
Aware,Consciente,0
Awareness,Consciência,0
Away,Um Jeito,0
Away,Um Jeito,0
Awful,Horrível,0
Baby,Bebê,0
Back,Costas,0
Back,Costas,0
Background,Fundo,0
Backyard,Quintal,0
Bacteria,Bactérias,0
Bad,Ruim,0
Badly,Seriamente,0
Bag,Saco,0
Balance,Saldo,0
Balanced,Equilibrado,0
Ball,Bola,0
Balloon,Balão,0
Ballot,Cédula,0
Ban,Banimento,0
Banana,Banana,0
Band,Banda,0
Bank,Banco,0
Banker,Banqueiro,0
Banking,Bancário,0
Bankruptcy,Falência,0
Bar,Bar,0
Bare,Nu,0
Barely,Por Muito Pouco,0
Barn,Celeiro,0
Barrel,Barril,0
Barrier,Barreira,0
Base,Base,0
Baseball,Beisebol,0
Basement,Porão,0
Basic,Básico,0
Basically,Basicamente,0
Basis,Base,0
Basket,Cesta,0
Basketball,Basquetebol,0
Bat,Bastão,0
Bath,Banho De Banheira,0
Bathroom,Banheiro,0
Battery,Bateria,0
Battle,Batalha,0
Bay,Baía,0
Beach,De Praia,0
Beam,Feixe,0
Bean,Feijão,0
Bear,Urso,0
Beard,Barba,0
Beast,Fera,0
Beat,Bater,0
Beautiful,Lindo,0
Beauty,Beleza,0
Because,Porque,0
Because,Porque,0
Bed,Cama,0
Bedroom,Quarto,0
Bee,Abelha,0
Beef,Carne,0
Beer,Cerveja,0
Before,Antes De,0
Before,Antes De,0
Before,Antes De,0
Beginning,Começo,0
Behalf,Lado,0
Behavior,Comportamento,0
Behavioral,Comportamental,0
Behind,Atrás,0
Behind,Atrás,0
Being,Sendo,0
Belief,Crença,0
Bell,Sino,0
Belly,Barriga,0
Below,Abaixo,0
Below,Abaixo,0
Belt,Cinto,0
Bench,Banco,0
Beneath,Abaixo,0
Benefit,Beneficiar,0
Beside,Ao Lado,0
Besides,Além Do Mais,0
Besides,Além Do Mais,0
Best,Melhor,0
Best,Melhor,0
Bet,Aposta,0
Better,Melhor,0
Better,Melhor,0
Between,Entre,0
Beyond,Além,0
Beyond,Além,0
Bias,Viés,0
Bible,Bíblia,0
Bicycle,Bicicleta,0
Bid,Oferta,0
Big,Grande,0
Bike,Bicicleta,0
Bill,Conta,0
Billion,Bilhão,0
Biography,Biografia,0
Biological,Biológico,0
Biology,Biologia,0
Bird,Pássaro,0
Birth,Aniversário,0
Birthday,Aniversário,0
Bishop,Bispo,0
Bit,Mordeu,0
Bit,Mordeu,0
Bite,Morder,0
Bitter,Amargo,0
Black,Preto,0
Black,Preto,0
Blade,Lâmina,0
Blank,Em Branco,0
Blanket,Cobertor,0
Blast,Explosão,0
Blessing,Bênção,0
Blind,Cego,0
Block,Quadra,0
Blond,Loiro,0
Blood,Sangue,0
Bloody,Sangrento,0
Blow,Golpe,0
Blue,Azul,0
Blue,Azul,0
Board,Borda,0
Boat,Barco,0
Body,Corpo,0
Bold,Negrito,0
Bolt,Parafuso,0
Bomb,Bombear,0
Bombing,Bombardeio,0
Bond,Ligação,0
Bone,Osso,0
Bonus,Bônus,0
Book,Livro,0
Boom,Estrondo,0
Boot,Bota,0
Booth,Cabine,0
Border,Fronteira,0
Boring,Tedioso,0
Boss,Patrão,0
Both,Ambas,0
Both,Ambas,0
Bottle,Garrafa,0
Bottom,Fundo,0
Bottom,Fundo,0
Boundary,Fronteira,0
Bow,Arco,0
Bowl,Tigela,0
Box,Caixa,0
Boy,Garoto,0
Boyfriend,Namorado,0
Brain,Cérebro,0
Brake,Freio,0
Branch,Ramo,0
Brand,Marca,0
Brave,Corajoso,0
Bread,Pão,0
Break,Pausa,0
Breakfast,Café Da Manhã,0
Breast,Seio,0
Breath,Respiração,0
Breathing,Respirando,0
Breeze,Brisa,0
Brick,Tijolo,0
Bride,Noiva,0
Bridge,Ponte,0
Brief,Apresentação,0
Briefly,Brevemente,0
Bright,Brilhante,0
Brilliant,Brilhante,0
British,Britânico,0
Broad,Largo,0
Broadcast,Transmissão,0
Broken,Quebrado,0
Broker,Corretor,0
Bronze,Bronze,0
Brother,Irmão,0
Brown,Marrom,0
Brush,Escovar,0
Brutal,Brutal,0
Bubble,Bolha,0
Buck,Bode,0
Bucket,Balde,0
Buddy,Companheiro,0
Budget,Despesas,0
Bug,Erro,0
Builder,Construtor,0
Building,Construção,0
Bulb,Lâmpada,0
Bulk,Volume,0
Bull,Touro,0
Bullet,Bala,0
Bunch,Monte,0
Burden,Fardo,0
Bureau,Escritório,0
Burning,Queimando,0
Bus,Ônibus,0
Bush,Arbusto,0
Business,O Negócio,0
Businessman,Homem De Negocios,0
Busy,Ocupado,0
But,Mas,0
But,Mas,0
Butt,Bunda,0
Butter,Manteiga,0
Butterfly,Borboleta,0
Button,Botão,0
Buyer,Comprador,0
By,Por,0
By,Por,0
Cab,Táxi,0
Cabin,Cabine,0
Cabinet,Gabinete,0
Cable,Cabo,0
Cage,Cela,0
Cake,Bolo,0
Calculation,Cálculo,0
Calendar,Calendário,0
Call,Ligar,0
Calm,Calma,0
Camera,Câmera,0
Camp,Acampamento,0
Campaign,Campanha,0
Campus,Campus,0
Can,Posso,0
Can,Posso,0
Canadian,Canadense,0
Cancer,Câncer,0
Candidate,Candidato,0
Candle,Vela,0
Candy,Doce,0
Canvas,Tela,0
Cap,Boné,0
Capability,Capacidade,0
Capable,Capaz,0
Capacity,Capacidade,0
Capital,Capital,0
Captain,Capitão,0
Car,Carro,0
Carbohydrate,Carboidrato,0
Carbon,Carbono,0
Card,Cartão,0
Care,Cuidado,0
Career,Carreira,0
Careful,Cuidadoso,0
Carefully,Com Cuidado,0
Cargo,Carga,0
Carpet,Tapete,0
Carrier,Operadora,0
Carrot,Cenoura,0
Cart,Carrinho,0
Cartoon,Desenho Animado,0
Case,Caso,0
Case,Caso,0
Cash,Dinheiro,0
Casino,Cassino,0
Cast,Elencar,0
Casual,Casual,0
Casualty,Acidente,0
Cat,Gato,0
Catalog,Catálogo,0
Catch,Pegar,0
Category,Categoria,0
Catholic,Católico,0
Catholic,Católico,0
Cattle,Gado,0
Cause,Causa,0
Cave,Caverna,0
Ceiling,Teto,0
Celebration,Celebração,0
Celebrity,Celebridade,0
Cell,Célula,0
Cemetery,Cemitério,0
Center,Centro,0
Central,Central,0
Century,Século,0
Ceo,Ceo,0
Ceremony,Cerimônia,0
Certain,Certo,0
Certainly,Certamente,0
Chain,Cadeia,0
Chair,Cadeira,0
Chairman,Presidente,0
Challenge,Desafio,0
Chamber,Câmara,0
Champion,Campeão,0
Championship,Campeonato,0
Chance,Chance,0
Change,Mudança,0
Changing,Mudando,0
Channel,Canal,0
Chaos,Caos,0
Chapter,Capítulo,0
Character,Personagem,0
Characteristic,Característica,0
Charge,Cobrar,0
Charge,Cobrar,0
Charity,Caridade,0
Charm,Charme,0
Chart,Gráfico,0
Charter,Carta,0
Cheap,Barato,0
Check,Verifica,0
Cheek,Bochecha,0
Cheese,Queijo,0
Chef,Chefe De Cozinha,0
Chemical,Químico,0
Chemical,Químico,0
Chemistry,Química,0
Chest,Peito,0
Chicken,Frango,0
Chief,Chefe,0
Chief,Chefe,0
Child,Filho,0
Childhood,Infância,0
Chill,Frio,0
Chin,Queixo,0
Chinese,Chinês,0
Chip,Lasca,0
Chocolate,Chocolate,0
Choice,Escolha,0
Cholesterol,Colesterol,0
Christian,Cristão,0
Christian,Cristão,0
Christianity,Cristandade,0
Christmas,Natal,0
Chronic,Crônica,0
Chunk,Pedaço,0
Church,Igreja,0
Cigarette,Cigarro,0
Circle,Círculo,0
Circuit,O Circuito,0
Circumstance,Circunstância,0
Citizen,Cidadão,0
Citizenship,Cidadania,0
City,Cidade,0
Civic,Cívico,0
Civil,Civil,0
Civilian,Civil,0
Civilian,Civil,0
Civilization,Civilização,0
Claim,Afirmação,0
Class,Classe,0
Classic,Clássico,0
Classical,Clássico,0
Classroom,Sala De Aula,0
Clay,Argila,0
Clean,Limpar,0
Clear,Claro,0
Clearly,Claramente,0
Clerk,Escriturário,0
Client,Cliente,0
Cliff,Penhasco,0
Climate,Clima,0
Clinic,Clínica,0
Clinical,Clínico,0
Clip,Grampo,0
Clock,Relógio,0
Close,Fechar,0
Close,Fechar,0
Closed,Fechado,0
Closely,De Perto,0
Closer,Mais Perto,0
Closest,Mais Próximo,0
Closet,Armário De Roupa,0
Cloth,Pano,0
Clothes,Roupas,0
Clothing,Roupas,0
Cloud,Nuvem,0
Club,Clube,0
Clue,Dica,0
Cluster,Grupo,0
Coach,Treinador,0
Coal,Carvão,0
Coalition,Aliança,0
Coast,Costa,0
Coastal,Costeiro,0
Coat,Casaco,0
Cocaine,Cocaína,0
Code,Código,0
Coffee,Café,0
Cognitive,Cognitivo,0
Coin,Moeda,0
Cold,Resfriado,0
Cold,Resfriado,0
Collaboration,Colaboração,0
Collapse,Colapso,0
Collar,Colarinho,0
Colleague,Colega,0
Collection,Coleção,0
Collective,Coletivo,0
Collector,Colecionador,0
College,Escola Superior,0
Colonial,Colonial,0
Colony,Colônia,0
Color,Cor,0
Colorful,Colorida,0
Column,Coluna,0
Columnist,Colunista,0
Combat,Combate,0
Combination,Combinação,0
Combined,Combinado,0
Comedy,Comédia,0
Comfort,Conforto,0
Comfortable,Confortável,0
Coming,Chegando,0
Command,Comando,0
Commander,Comandante,0
Comment,Comente,0
Commercial,Comercial,0
Commission,Comissão,0
Commissioner,Comissário,0
Commitment,Comprometimento,0
Committee,Comitê,0
Commodity,Mercadoria,0
Common,Comum,0
Commonly,Comumente,0
Communication,Comunicação,0
Community,Comunidade,0
Companion,Companheiro,0
Company,Companhia,0
Comparable,Comparável,0
Comparison,Comparação,0
Compelling,Convincente,0
Compensation,Compensação,0
Competition,Concorrência,0
Competitive,Competitivo,0
Competitor,Concorrente,0
Complaint,Reclamação,0
Complete,Completo,0
Completely,Completamente,0
Complex,Complexo,0
Complex,Complexo,0
Complexity,Complexidade,0
Compliance,Conformidade,0
Complicated,Complicado,0
Component,Componente,0
Composition,Composição,0
Compound,Composto,0
Comprehensive,Compreensivo,0
Compromise,Compromisso,0
Computer,Computador,0
Concentration,Concentração,0
Concept,Conceito,0
Conception,Concepção,0
Concern,Preocupação,0
Concerned,Preocupado,0
Concerning,Relativo,0
Concert,Show,0
Conclusion,Conclusão,0
Concrete,Concreto,0
Condition,Doença,0
Conduct,Conduta,0
Conference,Conferência,0
Confession,Confissão,0
Confidence,Confiança,0
Confident,Confiante,0
Conflict,Conflito,0
Confrontation,Confronto,0
Confusion,Confusão,0
Congress,Congresso,0
Congressional,Congressional,0
Connection,Conexão,0
Conscience,Consciência,0
Conscious,Consciente,0
Consciousness,Consciência,0
Consecutive,Consecutivo,0
Consensus,Consenso,0
Consent,Consentimento,0
Consequence,Consequência,0
Consequently,Consequentemente,0
Conservation,Conservação,0
Conservative,Conservador,0
Conservative,Conservador,0
Considerable,Considerável,0
Considerably,Consideravelmente,0
Consideration,Consideração,0
Consistent,Consistente,0
Consistently,Consistentemente,0
Conspiracy,Conspiração,0
Constant,Constante,0
Constantly,Constantemente,0
Constitution,Constituição,0
Constitutional,Constitucional,0
Constraint,Restrição,0
Construction,Construção,0
Consultant,Consultor,0
Consumer,Consumidor,0
Consumption,Consumo,0
Contact,Contato,0
Container,Recipiente,0
Contemporary,Contemporâneo,0
Content,Contente,0
Content,Contente,0
Contest,Concurso,0
Context,Contexto,0
Continent,Continente,0
Continued,Contínuo,0
Continuing,Continuando,0
Continuous,Contínuo,0
Contract,Contrato,0
Contractor,Contratante,0
Contrast,Contraste,0
Contribution,Contribuição,0
Contributor,Contribuinte,0
Control,Ao Controle,0
Controversial,Controverso,0
Controversy,Controvérsia,0
Convenience,Conveniência,0
Convention,Convenção,0
Conventional,Convencional,0
Conversation,Conversação,0
Conversion,Conversão,0
Conviction,Convicção,0
Convinced,Convencido,0
Cook,Cozinheiro,0
Cookie,Biscoito,0
Cooking,Cozinhando,0
Cool,Legal,0
Cooperation,Cooperação,0
Cooperative,Cooperativo,0
Coordinator,Coordenador,0
Cop,Policial,0
Copy,Cópia De,0
Cord,Cordão,0
Core,Testemunho,0
Corn,Milho,0
Corner,Canto,0
Corporate,Corporativo,0
Corporation,Corporação,0
Correct,Correto,0
Correctly,Corretamente,0
Correlation,Correlação,0
Correspondent,Correspondente,0
Corridor,Corredor,0
Corruption,Corrupção,0
Cost,Custo,0
Costly,Dispendioso,0
Costume,Fantasia,0
Cottage,Cabana,0
Cotton,Algodão,0
Couch,Sofá,0
Could,Poderia,0
Council,Conselho,0
Counsel,Conselho,0
Counseling,Aconselhamento,0
Counselor,Conselheiro,0
Count,Contar,0
Counter,Balcão,0
Counterpart,Contrapartida,0
Country,País,0
County,Município,0
Coup,Golpe,0
Couple,Casal,0
Courage,Coragem,0
Course,Curso,0
Course,Curso,0
Court,Quadra,0
Courtroom,Tribunal,0
Cousin,Prima,0
Cover,Cobrir,0
Coverage,Cobertura,0
Cow,Vaca,0
Crack,Rachadura,0
Craft,Construir,0
Crash,Batida,0
Crazy,Louco,0
Cream,Creme,0
Creation,Criação,0
Creative,Criativo,0
Creativity,Criatividade,0
Creature,Criatura,0
Credibility,Credibilidade,0
Credit,Crédito,0
Crew,Equipe Técnica,0
Crime,Crime,0
Criminal,Criminoso,0
Criminal,Criminoso,0
Crisis,Crise,0
Criteria,Critério,0
Critic,Crítico,0
Critical,Crítico,0
Criticism,Crítica,0
Crop,Colheita,0
Cross,Cruz,0
Crowd,Multidão,0
Crowded,Lotado,0
Crucial,Crucial,0
Cruel,Cruel,0
Cruise,Cruzeiro,0
Cry,Choro,0
Crystal,Cristal,0
Cuban,Cubano,0
Cue,Deixa,0
Cultural,Cultural,0
Culture,Cultura,0
Cup,Copo,0
Cure,Cura,0
Curiosity,Curiosidade,0
Curious,Curioso,0
Currency,Moeda,0
Current,Atual,0
Currently,Atualmente,0
Curriculum,Currículo,0
Curtain,Cortina,0
Curve,Curva,0
Custody,Custódia,0
Custom,Personalizadas,0
Customer,Cliente,0
Cut,Cortar,0
Cute,Fofa,0
Cycle,Ciclo,0
Dad,Papai,0
Daily,Diário,0
Daily,Diário,0
Dam,Barragem,0
Damage,Dano,0
Damn,Droga,0
Dance,Dança,0
Dancer,Dançarino,0
Dancing,Dançando,0
Danger,Perigo,0
Dangerous,Perigoso,0
Dark,Sombrio,0
Dark,Sombrio,0
Darkness,Trevas,0
Data,Dados,0
Database,Base De Dados,0
Date,Encontro,0
Daughter,Filha,0
Dawn,Alvorecer,0
Day,Dia,0
Dead,Morto,0
Deadline,Prazo Final,0
Deadly,Mortal,0
Deal,Lidar,0
Dealer,Distribuidor,0
Dear,Querido,0
Death,Morte,0
Debate,Debate,0
Debris,Destroços,0
Debt,Dívida,0
Debut,Estréia,0
Decade,Década,0
Decent,Decente,0
Decision,Decisão,0
Deck,Área Coberta,0
Decline,Declínio,0
Deep,Profundo,0
Deep,Profundo,0
Deeply,Profundamente,0
Deer,Cervo,0
Defeat,Derrota,0
Defendant,Réu,0
Defender,Defensor,0
Defense,Defesa,0
Defensive,Defensiva,0
Deficit,Déficit,0
Definitely,Com Certeza,0
Definition,Definição,0
Degree,Grau,0
Delay,Atraso,0
Deliberately,Deliberadamente,0
Delicate,Delicado,0
Delight,Prazer,0
Delivery,Entrega,0
Demand,Exigem,0
Democracy,Democracia,0
Democrat,Democrata,0
Democratic,Democrático,0
Demographic,Demográfico,0
Demonstration,Demonstração,0
Denial,Negação,0
Dense,Denso,0
Density,Densidade,0
Department,Departamento,0
Departure,Partida,0
Dependent,Dependente,0
Depending,Dependendo,0
Deposit,Depósito,0
Depressed,Depressivo,0
Depression,Depressão,0
Depth,Profundidade,0
Deputy,Deputado,0
Description,Descrição,0
Desert,Deserto,0
Design,Projeto,0
Designer,Designer,0
Desire,Desejo,0
Desk,Escrivaninha,0
Desperate,Desesperado,0
Desperately,Desesperadamente,0
Despite,Apesar De,0
Dessert,Sobremesa,0
Destination,Destino,0
Destruction,Destruição,0
Detail,Detalhe,0
Detailed,Detalhado,0
Detective,Detetive,0
Determination,Determinação,0
Devastating,Devastador,0
Developer,Desenvolvedor,0
Developing,Em Desenvolvimento,0
Development,Desenvolvimento,0
Developmental,Desenvolvimentista,0
Device,Dispositivo,0
Devil,Diabo,0
Diabetes,Diabetes,0
Diagnosis,Diagnóstico,0
Dialogue,Diálogo,0
Diamond,Diamante,0
Diary,Diário,0
Diet,Dieta,0
Difference,Diferença,0
Different,Diferente,0
Differently,Diferentemente,0
Difficult,Difícil,0
Difficulty,Dificuldade,0
Digital,Digital,0
Dignity,Dignidade,0
Dilemma,Dilema,0
Dimension,Dimensão,0
Dining,Jantar,0
Dinner,Jantar,0
Diplomat,Diplomata,0
Diplomatic,Diplomático,0
Direct,Direto,0
Direction,Direção,0
Directly,Diretamente,0
Director,Diretor,0
Dirt,Sujeira,0
Dirty,Sujo,0
Disability,Incapacidade,0
Disabled,Desativado,0
Disappointed,Desapontado,0
Disappointment,Desapontamento,0
Disaster,Desastre,0
Disc,Disco,0
Discipline,Disciplina,0
Discount,Desconto,0
Discourse,Discurso,0
Discovery,Descoberta,0
Discrimination,Discriminação,0
Discussion,Discussão,0
Disease,Doença,0
Dish,Prato,0
Disk,Disco,0
Disorder,Transtorno,0
Display,Exibição,0
Dispute,Disputa,0
Distance,Distância,0
Distant,Distante,0
Distinct,Distinto,0
Distinction,Distinção,0
Distinctive,Distintivo,0
Distribution,Distribuição,0
District,Distrito,0
Disturbing,Perturbador,0
Diverse,Diverso,0
Diversity,Diversidade,0
Divine,Divino,0
Division,Divisão,0
Divorce,Divórcio,0
Dna,Dna,0
Dock,Doca,0
Doctor,Médico,0
Doctrine,Doutrina,0
Document,Documento,0
Documentary,Documentário,0
Dog,Cão,0
Doll,Boneca,0
Domain,Domínio,0
Domestic,Doméstico,0
Dominant,Dominante,0
Donation,Doação,0
Donor,Doador,0
Door,Porta,0
Doorway,Entrada,0
Dose,Dose,0
Dot,Ponto,0
Double,Duplo,0
Doubt,Dúvida,0
Dough,Massa,0
Down,Baixa,0
Down,Baixa,0
Downtown,Centro Da Cidade,0
Downtown,Centro Da Cidade,0
Dozen,Dúzia,0
Draft,Rascunho,0
Drama,Drama,0
Dramatic,Dramático,0
Dramatically,Dramaticamente,0
Drawer,Gaveta,0
Drawing,Desenhando,0
Dream,Sonhe,0
Dress,Vestir,0
Dried,Seco,0
Drink,Bebida,0
Drinking,Bebendo,0
Drive,Dirigir,0
Driver,Motorista,0
Driveway,Entrada De Automóveis,0
Driving,Dirigindo,0
Drop,Derrubar,0
Drug,Medicamento,0
Drum,Tambor,0
Drunk,Bêbado,0
Dry,Seco,0
Duck,Pato,0
Due,Vencimento,0
Due,Vencimento,0
Dumb,Idiota,0
During,No Decorrer,0
Dust,Pó,0
Dutch,Holandês,0
Duty,Dever,0
Dying,Morrendo,0
Dynamic,Dinâmico,0
Dynamics,Dinâmica,0
Each,Cada,0
Each,Cada,0
Eager,Ansioso,0
Ear,Orelha,0
Early,Cedo,0
Early,Cedo,0
Earnings,Ganhos,0
Earth,Terra,0
Earthquake,Terremoto,0
Ease,Facilidade,0
Easily,Facilmente,0
East,Leste,0
Eastern,Oriental,0
Easy,Fácil,0
Easy,Fácil,0
Eating,Comendo,0
Ecological,Ecológico,0
Economic,Econômico,0
Economically,Economicamente,0
Economics,Economia,0
Economist,Economista,0
Economy,Economia,0
Ecosystem,Ecossistema,0
Edge,Beira,0
Edition,Edição,0
Editor,Editor,0
Education,Educação,0
Educational,Educacional,0
Educator,Educador,0
Effect,Efeito,0
Effective,Eficaz,0
Effectively,Efetivamente,0
Effectiveness,Eficácia,0
Efficiency,Eficiência,0
Efficient,Eficiente,0
Effort,Esforço,0
Egg,Ovo,0
Ego,Ego,0
Eight,Oito,0
Eighth,Oitavo,0
Either,Qualquer,0
Either,Qualquer,0
Elaborate,Elaborar,0
Elbow,Cotovelo,0
Elder,Mais Velho,0
Elderly,Idoso,0
Election,Eleição,0
Electric,Elétrico,0
Electrical,Elétrico,0
Electricity,Eletricidade,0
Electronic,Eletrônico,0
Electronics,Eletrônicos,0
Elegant,Elegante,0
Element,Elemento,0
Elementary,Elementar,0
Elephant,Elefante,0
Elevator,Elevador,0
Eleven,Onze,0
Eligible,Elegível,0
Elite,Elite,0
Else,Senão,0
Elsewhere,Em Outro Lugar,0
E-Mail,O Email,0
Embarrassed,Envergonhado,0
Emergency,Emergência,0
Emerging,Emergente,0
Emission,Emissão,0
Emotion,Emoção,0
Emotional,Emocional,0
Emotionally,Emocionalmente,0
Emphasis,Ênfase,0
Empire,Império,0
Employee,Funcionário,0
Employer,Empregador,0
Employment,Emprego,0
Empty,Vazio,0
Encounter,Encontro,0
Encouraging,Encorajando,0
End,Fim,0
Endless,Sem Fim,0
Enemy,Inimigo,0
Energy,Energia,0
Enforcement,Aplicação,0
Engagement,Noivado,0
Engine,Motor,0
Engineer,Engenheiro,0
Engineering,Engenharia,0
English,Inglês,0
English,Inglês,0
Enormous,Enorme,0
Enough,O Suficiente,0
Enough,O Suficiente,0
Enterprise,Empreendimento,0
Entertainment,Entretenimento,0
Enthusiasm,Entusiasmo,0
Entire,Inteira,0
Entirely,Inteiramente,0
Entity,Entidade,0
Entrance,Entrada,0
Entrepreneur,Empreendedor,0
Entry,Entrada,0
Envelope,Envelope,0
Environment,Ambiente,0
Environmental,De Meio Ambiente,0
Epidemic,Epidemia,0
Episode,Episódio,0
Equal,Igual,0
Equality,Igualdade,0
Equally,Igualmente,0
Equation,Equação,0
Equipment,Equipamento,0
Equity,Capital Próprio,0
Equivalent,Equivalente,0
Era,Era,0
Error,Erro,0
Escape,Fuga,0
Especially,Especialmente,0
Essay,Ensaio,0
Essence,Essência,0
Essential,Essencial,0
Essentially,Essencialmente,0
Establishment,Estabelecimento,0
Estate,Estado,0
Estimate,Estimativa,0
Estimated,Estimado,0
Etc,Etc,0
Ethical,Ético,0
Ethics,Ética,0
Ethnic,Étnico,0
European,Europeu,0
European,Europeu,0
Evaluation,Avaliação,0
Even,Até,0
Even,Até,0
Evening,Tarde,0
Event,Evento,0
Eventually,Eventualmente,0
Ever,Sempre,0
Every,Todo,0
Everybody,Todo O Mundo,0
Everyday,Todo Dia,0
Everyone,Todo O Mundo,0
Everything,Tudo,0
Everywhere,Em Toda Parte,0
Evidence,Evidência,0
Evident,Evidente,0
Evil,Mal,0
Evil,Mal,0
Evolution,Evolução,0
Exact,Exato,0
Exactly,Exatamente,0
Exam,Exame,0
Examination,Exame,0
Example,Exemplo,0
Excellent,Excelente,0
Except,Exceto,0
Except,Exceto,0
Exception,Exceção,0
Excessive,Excessivo,0
Exchange,Troca,0
Excited,Animado,0
Excitement,Excitação,0
Exciting,Emocionante,0
Exclusive,Exclusivo,0
Exclusively,Exclusivamente,0
Excuse,Com Licença,0
Execution,Execução,0
Executive,Executivo,0
Exercise,Exercício,0
Exhibit,Exibir,0
Exhibition,Exibição,0
Existence,Existência,0
Existing,Existir,0
Exit,Saída,0
Exotic,Exótico,0
Expansion,Expansão,0
Expectation,Expectativa,0
Expected,Esperado,0
Expedition,Expedição,0
Expense,Despesa,0
Expensive,Caro,0
Experience,Experiência,0
Experienced,Com Experiência,0
Experiment,Experimentar,0
Experimental,Experimental,0
Expert,Especialista,0
Expertise,Perícia,0
Explanation,Explicação,0
Explicit,Explícito,0
Exploration,Exploração,0
Explosion,Explosão,0
Export,Exportar,0
Exposure,Exposição,0
Expression,Expressão,0
Extended,Estendido,0
Extension,Extensão,0
Extensive,Extenso,0
Extent,Extensão,0
External,Externo,0
Extra,Extra,0
Extraordinary,Extraordinário,0
Extreme,Extremo,0
Extremely,Extremamente,0
Eye,Olho,0
Eyebrow,Sobrancelha,0
Fabric,Tecido,0
Face,Cara,0
Facility,Instalação,0
Fact,Facto,0
Factor,Fator,0
Factory,Fábrica,0
Faculty,Faculdade,0
Failure,Fracasso,0
Faint,Desmaiar,0
Fair,Feira,0
Fairly,Com Justiça,0
Faith,Fé,0
Fall,Outono,0
Fame,Fama,0
Familiar,Familiar,0
Family,Família,0
Famous,Famoso,0
Fan,Ventilador,0
Fantastic,Fantástico,0
Fantasy,Fantasia,0
Far,Distante,0
Far,Distante,0
Far,Distante,0
Fare,Tarifa,0
Farm,Fazenda,0
Farmer,Agricultor,0
Fascinating,Fascinante,0
Fashion,Moda,0
Fast,Velozes,0
Fast,Velozes,0
Faster,Mais Rápido,0
Fat,Gordura,0
Fat,Gordura,0
Fatal,Fatal,0
Fate,Destino,0
Father,Pai,0
Fatigue,Fadiga,0
Fault,Falta,0
Favor,Favor,0
Favor,Favor,0
Favorable,Favorável,0
Favorite,Favorito,0
Favorite,Favorito,0
Fear,Medo,0
Feather,Pena,0
Feature,Característica,0
Federal,Federal,0
Fee,Taxa,0
Feedback,Comentários,0
Feel,Sentir,0
Feeling,Sentimento,0
Fellow,Amigo,0
Fellow,Amigo,0
Female,Fêmea,0
Female,Fêmea,0
Feminist,Feminista,0
Fence,Cerca,0
Festival,Festival,0
Fever,Febre,0
Few,Alguns,0
Fewer,Menos,0
Fiber,Fibra,0
Fiction,Ficção,0
Field,Campo,0
Fierce,Feroz,0
Fifteen,Quinze,0
Fifth,Quinto,0
Fifty,Cinquenta,0
Fight,Lutar,0
Fighter,Lutador,0
Fighting,Brigando,0
Figure,Figura,0
File,Arquivo,0
Film,Filme,0
Filter,Filtro,0
Final,Final,0
Final,Final,0
Finally,Finalmente,0
Finance,Finança,0
Financial,Financeiro,0
Finding,Encontrando,0
Fine,Multar,0
Finger,Dedo,0
Finish,Finalizar,0
Fire,Fogo,0
Firm,Empresa,0
Firm,Empresa,0
Firmly,Firmemente,0
First,Primeiro,0
First,Primeiro,0
Fiscal,Fiscal,0
Fish,Peixe,0
Fisherman,Pescador,0
Fishing,Pescaria,0
Fist,Punho,0
Fit,Em Forma,0
Fitness,Fitness,0
Five,Cinco,0
Fixed,Fixo,0
Flag,Bandeira,0
Flame,Chama,0
Flash,Instantâneo,0
Flat,Plano,0
Flavor,Sabor,0
Fleet,Frota,0
Flesh,Carne,0
Flexibility,Flexibilidade,0
Flexible,Flexível,0
Flight,Voo,0
Flood,Enchente,0
Floor,Piso,0
Flour,Farinha De Trigo,0
Flow,Fluxo,0
Flower,Flor,0
Fluid,Fluido,0
Fly,Mosca,0
Flying,Vôo,0
Focus,Foco,0
Fog,Névoa,0
Folk,Folk,0
Following,Segue,0
Food,Comida,0
Fool,Idiota,0
Foot,Pé,0
Football,Futebol Americano,0
For,Por,0
For,Por,0
Force,Força,0
Forehead,Testa,0
Foreign,Esqueceram,0
Foreigner,Estrangeiro,0
Forest,Floresta,0
Forever,Para Todo Sempre,0
Fork,Garfo,0
Form,Formato,0
Formal,Formal,0
Format,Formato,0
Formation,Formação,0
Former,Antigo,0
Formerly,Antigamente,0
Formula,Fórmula,0
Forth,Para Frente,0
Fortunately,Felizmente,0
Fortune,Fortuna,0
Forty,Quarenta,0
Forum,Fórum,0
Forward,Frente,0
Foundation,Fundação,0
Founder,Fundador,0
Four,Quatro,0
Fourth,Quarto,0
Fraction,Fração,0
Fragile,Frágil,0
Fragment,Fragmento,0
Frame,Quadro,0
Framework,Estrutura,0
Franchise,Franquia,0
Frankly,Francamente,0
Fraud,Fraude,0
Free,Gratuitamente,0
Freedom,Liberdade,0
Freely,Livremente,0
French,Francês,0
French,Francês,0
Frequency,Frequência,0
Frequent,Freqüente,0
Frequently,Freqüentemente,0
Fresh,Fresco,0
Freshman,Calouro,0
Friend,Amigo,0
Friendly,Amigáveis,0
Friendship,Amizade,0
From,A Partir De,0
Front,Frente,0
Front,Frente,0
Front,Frente,0
Frontier,Fronteira,0
Frozen,Congeladas,0
Fruit,Fruta,0
Frustration,Frustração,0
Fucking,Porra,0
Fuel,Combustível,0
Full,Completo,0
Full-Time,Tempo Total,0
Fully,Totalmente,0
Fun,Diversão,0
Fun,Diversão,0
Function,Função,0
Functional,Funcional,0
Fund,Fundo,0
Fundamental,Fundamental,0
Funding,Financiamento,0
Funeral,Funeral,0
Funny,Engraçado,0
Fur,Pele,0
Furniture,Mobília,0
Furthermore,Além Do Mais,0
Future,Futuro,0
Future,Futuro,0
Gain,Ganho,0
Galaxy,Galáxia,0
Gallery,Galeria,0
Game,Jogos,0
Gang,Gangue,0
Gap,Gap = Vão,0
Garage,Garagem,0
Garbage,Lixo,0
Garden,Jardim,0
Garlic,Alho,0
Gas,Gás,0
Gasoline,Gasolina,0
Gate,Portão,0
Gathering,Reunião,0
Gay,Gay,0
Gaze,Olhar,0
Gear,Engrenagem,0
Gender,Gênero Sexual,0
Gene,Gene,0
General,Em Geral,0
General,Em Geral,0
General,Em Geral,0
Generally,Geralmente,0
Generation,Geração,0
Generous,Generoso,0
Genetic,Genético,0
Genius,Gênio,0
Genre,Gênero,0
Gentle,□ Gentil,0
Gentleman,Cavalheiro,0
Gently,Suavemente,0
Genuine,Genuíno,0
German,Alemão,0
German,Alemão,0
Gesture,Gesto,0
Ghost,Fantasma,0
Giant,Gigante,0
Giant,Gigante,0
Gift,Presente,0
Gifted,Dotado,0
Girl,Menina,0
Girlfriend,Namorada,0
Given,Dado,0
Glad,Alegre,0
Glance,Olhar,0
Glass,Vidro,0
Glimpse,Vislumbre,0
Global,Global,0
Globe,Globo,0
Glory,Glória,0
Glove,Luva,0
Goal,Meta,0
Goat,Bode,0
God,Deus,0
Gold,Ouro,0
Golden,Dourado,0
Golf,Golfe,0
Good,Boa,0
Good,Boa,0
Government,Governo,0
Governor,Governador,0
Grace,Graça,0
Grade,Grau,0
Gradually,Gradualmente,0
Graduate,Diplomado,0
Graduation,Graduação,0
Grain,Grão,0
Grand,Grande,0
Grandchild,Neto,0
Grandfather,Vovô,0
Grandmother,Vovó,0
Grandparent,Avó,0
Grant,Conceder,0
Grape,Uva,0
Grass,Relva,0
Grateful,Grato,0
Grave,Cova,0
Gravity,Gravidade,0
Gray,Cinzento,0
Great,Excelente,0
Greatest,O Melhor,0
Greatly,Muito,0
Greek,Grego,0
Green,Verde,0
Green,Verde,0
Grief,Pesar,0
Grin,Sorriso,0
Grip,Aperto,0
Grocery,Mercado,0
Gross,Bruto,0
Ground,Chão,0
Group,Grupo,0
Growing,Crescente,0
Growth,Crescimento,0
Guarantee,Garantia,0
Guard,Guarda,0
Guest,Hóspede,0
Guidance,Orientação,0
Guide,Guia,0
Guideline,Diretriz,0
Guilt,Culpa,0
Guilty,Culpado,0
Guitar,Violão,0
Gun,Arma De Fogo,0
Gut,Intestino,0
Guy,Cara,0
Gym,Academia,0
Ha,Ha,0
Habit,Hábito,0
Habitat,Habitat,0
Hair,Cabelo,0
Half,Metade,0
Half,Metade,0
Halfway,A Meio Caminho,0
Hall,Corredor,0
Hallway,Corredor,0
Hand,Mão,0
Handful,Punhado,0
Handle,Lidar Com,0
Handsome,Jeitoso,0
Happily,Felizmente,0
Happiness,Felicidade,0
Happy,Feliz,0
Harassment,Assédio,0
Hard,Difícil,0
Hard,Difícil,0
Hardly,Dificilmente,0
Hardware,Hardware,0
Harm,Ferir,0
Harmony,Harmonia,0
Harsh,Severo,0
Harvest,Colheita,0
Hat,Chapéu,0
Hay,Feno,0
Hazard,Perigo,0
He,Ele,0
Head,Cabeça,0
Headache,Dor De Cabeça,0
Headline,Título,0
Headquarters,Quartel General,0
Health,Saúde,0
Healthy,Saudável,0
Hearing,Audição,0
Heart,Coração,0
Heat,Calor,0
Heaven,Paraíso,0
Heavily,Pesadamente,0
Heavy,Pesado,0
Heel,Salto,0
Height,Altura,0
Helicopter,Helicóptero,0
Hell,Inferno,0
Hello,Olá,0
Helmet,Capacete,0
Help,Ajuda,0
Helpful,Útil,0
Hence,Portanto,0
Her,Dela,0
Her,Dela,0
Herb,Erva,0
Here,Aqui,0
Heritage,Herança,0
Hero,Herói,0
Hers,Dela,0
Herself,Ela Própria,0
Hey,Ei,0
Hi,Oi,0
Hidden,Escondido,0
High,Alto,0
High,Alto,0
Highly,Altamente,0
High-Tech,Alta Tecnologia,0
Highway,Rodovia,0
Hill,Colina,0
Him,Ele,0
Himself,Ele Mesmo,0
Hint,Dica,0
Hip,Quadril,0
His,Seu,0
His,Seu,0
Hispanic,Hispânico,0
Historian,Historiador,0
Historic,Histórico,0
Historical,Histórico,0
Historically,Historicamente,0
History,História,0
Hit,Bater,0
Hockey,Hóquei,0
Hold,Segure,0
Hole,Buraco,0
Holiday,Feriado,0
Holy,Piedosos,0
Home,Casa,0
Home,Casa,0
Homeland,Pátria,0
Homeless,Sem Teto,0
Homework,Trabalho De Casa,0
Honest,Honesto,0
Honestly,Honestamente,0
Honey,Querida,0
Honor,Honra,0
Hook,Gancho,0
Hope,Ter Esperança,0
Hopefully,Esperançosamente,0
Horizon,Horizonte,0
Hormone,Hormônio,0
Horn,Buzina,0
Horrible,Horrível,0
Horror,Horror,0
Horse,Cavalo,0
Hospital,Hospital,0
Host,Hospedeiro,0
Hostage,Refém,0
Hostile,Hostil,0
Hot,Quente,0
Hotel,Hotel,0
Hour,Hora,0
House,Lar,0
Household,Doméstico,0
Housing,Habitação,0
How,Como As,0
However,Contudo,0
Huge,Imenso,0
Huh,Hã,0
Human,Humano,0
Human,Humano,0
Humanity,Humanidade,0
Humor,Humor,0
Hundred,Centenas,0
Hunger,Fome,0
Hungry,Com Fome,0
Hunter,Caçador,0
Hunting,Caçando,0
Hurricane,Furacão,0
Husband,Esposo,0
Hypothesis,Hipótese,0
I,Eu,0
Ice,Gelo,0
Icon,Ícone,0
Idea,Idéia,0
Ideal,Ideal,0
Ideal,Ideal,0
Identical,Idêntico,0
Identification,Identificação,0
Identity,Identidade,0
Ideological,Ideológico,0
Ideology,Ideologia,0
Ie,Ie,0
If,E Se,0
Ill,Doente,0
Illegal,Ilegal,0
Illness,Doença,0
Illusion,Ilusão,0
Image,Imagem,0
Imagination,Imaginação,0
Immediate,Imediato,0
Immediately,Imediatamente,0
Immigrant,Imigrante,0
Immigration,Imigração,0
Immune,Imune,0
Impact,Impacto,0
Implementation,Implementação,0
Implication,Implicação,0
Import,Importar,0
Importance,Importância,0
Important,Importante,0
Importantly,Importante,0
Impossible,Impossível,0
Impression,Impressão,0
Impressive,Impressionante,0
Improved,Melhorado,0
Improvement,Melhoria,0
Impulse,Impulso,0
In,Dentro,0
In,Dentro,0
In,Dentro,0
Incentive,Incentivo,0
Incident,Incidente,0
Including,Incluindo,0
Income,Renda,0
Increase,Aumentar,0
Increased,Aumentou,0
Increasing,Aumentando,0
Increasingly,Cada Vez Mais,0
Incredible,Incrível,0
Incredibly,Incrivelmente,0
Indeed,Na Verdade,0
Independence,Independência,0
Independent,Independente,0
Index,Índice,0
Indian,Indiano,0
Indian,Indiano,0
Indication,Indicação,0
Indicator,Indicador,0
Indigenous,Indígena,0
Individual,Individual,0
Individual,Individual,0
Industrial,Industrial,0
Industry,Indústria,0
Inevitable,Inevitável,0
Inevitably,Inevitavelmente,0
Infant,Infantil,0
Infection,Infecção,0
Inflation,Inflação,0
Influence,Influência,0
Influential,Influente,0
Informal,Informal,0
Information,Em Formação,0
Infrastructure,A Infraestrutura,0
Ingredient,Ingrediente,0
Inherent,Inerente,0
Initial,Inicial,0
Initially,Inicialmente,0
Initiative,Iniciativa,0
Injury,Prejuízo,0
Inmate,Interno,0
Inner,Interno,0
Innocent,Inocente,0
Innovation,Inovação,0
Innovative,Inovativa,0
Input,Entrada,0
Inquiry,Investigação,0
Insect,Inseto,0
Inside,Dentro,0
Inside,Dentro,0
Inside,Dentro,0
Insight,Discernimento,0
Inspection,Inspeção,0
Inspector,Inspetor,0
Inspiration,Inspiração,0
Installation,Instalação,0
Instance,Instância,0
Instant,Instante,0
Instant,Instante,0
Instantly,Imediatamente,0
Instead,Em Vez De,0
Instead,Em Vez De,0
Instinct,Instinto,0
Institution,Instituição,0
Institutional,Institucional,0
Instruction,Instrução,0
Instructional,Instrutivo,0
Instructor,Instrutor,0
Instrument,Instrumento,0
Insurance,Seguro,0
Intact,Intacto,0
Integrated,Integrado,0
Integration,Integração,0
Integrity,Integridade,0
Intellectual,Intelectual,0
Intellectual,Intelectual,0
Intelligence,Inteligência,0
Intelligent,Inteligente,0
Intense,Intenso,0
Intensity,Intensidade,0
Intent,Intenção,0
Intention,Intenção,0
Interaction,Interação,0
Interest,Interesse,0
Interested,Interessado,0
Interesting,Interessante,0
Interior,Interior,0
Interior,Interior,0
Internal,Interno,0
International,Internacional,0
Internet,Internet,0
Interpretation,Interpretação,0
Interval,Intervalo,0
Intervention,Intervenção,0
Interview,Entrevista,0
Intimate,Íntimo,0
Into,Em,0
Introduction,Introdução,0
Invasion,Invasão,0
Invention,Invenção,0
Inventory,Inventário,0
Investigation,Investigação,0
Investigator,Investigador,0
Investment,Investimento,0
Investor,Investidor,0
Invisible,Invisível,0
Invitation,Convite,0
Involved,Envolvido,0
Involvement,Envolvimento,0
Iraqi,Iraquiano,0
Irish,Irlandês,0
Iron,Ferro,0
Ironically,Ironicamente,0
Irony,Ironia,0
Islam,Islamismo,0
Islamic,Islâmico,0
Island,Ilha,0
Isolated,Isolado,0
Isolation,Isolamento,0
Israeli,Israelense,0
Israeli,Israelense,0
Issue,Emitir,0
It,Isto,0
Italian,Italiano,0
Item,Item,0
Its,Está,0
Itself,Em Si,0
Jacket,Jaqueta,0
Jail,Cadeia,0
Japanese,Japonês,0
Japanese,Japonês,0
Jar,Jarra,0
Jaw,Mandíbula,0
Jazz,Jazz,0
Jeans,Jeans,0
Jet,Jato,0
Jew,Judeu,0
Jewelry,Joalheria,0
Jewish,Judaico,0
Job,Trabalho,0
Joint,Articulação,0
Joke,Piada,0
Journal,Diário,0
Journalism,Jornalismo,0
Journalist,Jornalista,0
Journey,Jornada,0
Joy,Alegria,0
Judge,Juiz,0
Judgment,Julgamento,0
Judicial,Judicial,0
Juice,Sumo,0
Jump,Pular,0
Jungle,Selva,0
Junior,Júnior,0
Jurisdiction,Jurisdição,0
Juror,Jurado,0
Jury,Júri,0
Just,Somente,0
Just,Somente,0
Justice,Justiça,0
Key,Chave,0
Key,Chave,0
Kid,Criança,0
Killer,Assassino,0
Killing,Matando,0
Kind,Gentil,0
Kind,Gentil,0
King,Rei,0
Kingdom,Reino,0
Kiss,Beijo,0
Kit,Kit,0
Kitchen,Cozinha,0
Knee,Joelho,0
Knife,Faca,0
Knowledge,Conhecimento,0
Known,Conhecido,0
Korean,Coreano,0
Lab,Laboratório,0
Label,Etiqueta,0
Labor,Trabalho,0
Laboratory,Laboratório,0
Lack,Falta,0
Ladder,Escada,0
Lady,Senhora,0
Lake,Lago,0
Lamp,Luminária,0
Land,Terra,0
Landing,Aterrissagem,0
Landmark,Marco,0
Landscape,Paisagem,0
Lane,Faixa,0
Language,Língua,0
Lap,Colo,0
Large,Ampla,0
Largely,Largamente,0
Laser,Laser,0
Last,Durar,0
Last,Durar,0
Late,Atrasado,0
Late,Atrasado,0
Lately,Ultimamente,0
Later,Mais Tarde,0
Later,Mais Tarde,0
Latin,Latina,0
Latter,Último,0
Laugh,Riso,0
Laughter,Risada,0
Launch,Lançar,0
Laundry,Lavanderia,0
Law,Lei,0
Lawmaker,Legislador,0
Lawn,Grama,0
Lawsuit,Processo,0
Lawyer,Advogado,0
Layer,Camada,0
Lead,Liderar,0
Leader,Líder,0
Leadership,Liderança,0
Leading,Conduzindo,0
Leaf,Folha,0
League,Liga,0
Learning,Aprendendo,0
Least,Ao Menos,0
Leather,Couro,0
Leave,Sair,0
Lecture,Palestra,0
Left,Deixou,0
Leg,Perna,0
Legacy,Legado,0
Legal,Jurídico,0
Legally,Legalmente,0
Legend,Lenda,0
Legislation,Legislação,0
Legislative,Legislativo,0
Legislator,Legislador,0
Legislature,Legislatura,0
Legitimate,Legítimo,0
Lemon,Limão,0
Length,Comprimento,0
Lens,Lente,0
Less,Menos,0
Less,Menos,0
Lesson,Lição,0
Letter,Carta,0
Level,Nível,0
Level,Nível,0
Liability,Responsabilidade,0
Liberal,Liberal,0
Liberal,Liberal,0
Liberty,Liberdade,0
Library,Biblioteca,0
License,Licença,0
Lid,Tampa,0
Lie,Mentira,0
Life,Vida,0
Lifestyle,Estilo De Vida,0
Lifetime,Vida,0
Light,Leve,0
Light,Leve,0
Light,Leve,0
Lighting,Iluminação,0
Lightly,Levemente,0
Lightning,Raio,0
Like,Como,0
Like,Como,0
Like,Como,0
Like,Como,0
Likelihood,Probabilidade,0
Likely,Provável,0
Likely,Provável,0
Likewise,Da Mesma Forma,0
Limb,Membro,0
Limit,Limite,0
Limitation,Limitação,0
Limited,Limitado,0
Line,Linha,0
Link,Link,0
Lion,Leão,0
Lip,Lábio,0
Liquid,Líquido,0
Liquid,Líquido,0
List,Lista,0
Listener,Ouvinte,0
Literally,Literalmente,0
Literary,Literário,0
Literature,Literatura,0
Little,Pouco,0
Little,Pouco,0
Little,Pouco,0
Live,Viver,0
Liver,Fígado,0
Living,A Viver,0
Living,A Viver,0
Load,Carga,0
Loan,Empréstimo,0
Lobby,Salão,0
Local,Local,0
Location,Localização,0
Lock,Trancar,0
Log,Registro,0
Logic,Lógica,0
Logical,Lógico,0
Lonely,Sozinho,0
Long,Grandes,0
Long,Grandes,0
Long,Grandes,0
Long-Term,Longo Prazo,0
Longtime,Muito Tempo,0
Look,Veja,0
Loop,Ciclo,0
Loose,Solto,0
Loss,Perda,0
Lost,Perdido,0
Lot,Muitos,0
Lots,Grande Quantidade,0
Loud,Alto,0
Loud,Alto,0
Love,Amar,0
Lovely,Amável,0
Lover,Amante,0
Low,Baixo,0
Low,Baixo,0
Loyal,Leal,0
Loyalty,Lealdade,0
Luck,Sorte,0
Lucky,Por Sorte,0
Lunch,Almoço,0
Lung,Pulmão,0
Machine,Máquina,0
Mad,Louco,0
Magazine,Revista,0
Magic,Magia,0
Magic,Magia,0
Magnetic,Magnético,0
Magnitude,Magnitude,0
Mail,Correspondência,0
Main,A Principal,0
Mainly,Principalmente,0
Mainstream,Convencional,0
Maintenance,Manutenção,0
Major,Maior,0
Major,Maior,0
Majority,Maioria,0
Maker,Criador,0
Makeup,Maquiagem,0
Male,Macho,0
Male,Macho,0
Mall,Shopping,0
Man,Cara,0
Management,Gestão,0
Manager,Gerente,0
Managing,Administrar,0
Mandate,Mandato,0
Manner,Maneiras,0
Mansion,Mansão,0
Manual,Manual,0
Manufacturer,Fabricante,0
Manufacturing,Manufatura,0
Many,Muitos,0
Map,Mapa,0
Marble,Mármore,0
Margin,Margem,0
Marine,Marinho,0
Mark,Marca,0
Marker,Marcador,0
Market,Mercado,0
Marketing,Marketing,0
Marketplace,Mercado,0
Marriage,Casado,0
Married,Casado,0
Mask,Mascarar,0
Mass,Massa,0
Mass,Massa,0
Massive,Maciço,0
Master,Mestre,0
Match,Combine,0
Mate,Amigo,0
Material,Material,0
Math,Matemática,0
Mathematics,Matemática,0
Matter,Importam,0
Matter,Importam,0
Maximum,Máximo,0
May,Poderia,0
Maybe,Pode Ser,0
Mayor,Prefeito,0
Me,Eu,0
Meal,Refeição,0
Mean,Significar,0
Mean,Significar,0
Meaning,Significado,0
Meaningful,Significativo,0
Meantime,Entretanto,0
Meanwhile,Enquanto Isso,0
Measure,A Medida,0
Measurement,Medição,0
Meat,Eu No,0
Mechanic,Mecânico,0
Mechanical,Mecânico,0
Mechanism,Mecanismo,0
Medal,Medalha,0
Media,Meios De Comunicação,0
Medical,Médico,0
Medication,Medicamento,0
Medicine,Remédio,0
Medium,Médio,0
Medium,Médio,0
Meeting,Encontro,0
Member,Membro,0
Membership,Filiação,0
Memory,Memória,0
Mental,Mental,0
Mentally,Mentalmente,0
Mention,Menção,0
Mentor,Mentor,0
Menu,Cardápio,0
Merchant,Comerciante,0
Mere,Mero,0
Merely,Apenas,0
Merit,Mérito,0
Mess,Bagunça,0
Message,Mensagem,0
Metal,Metal,0
Metaphor,Metáfora,0
Meter,Metro,0
Method,Método,0
Metropolitan,Metropolitana,0
Mexican,Mexicano,0
Middle,Meio,0
Middle,Meio,0
Middle-Class,Classe Média,0
Midnight,Meia-Noite,0
Midst,Meio,0
Might,Poderia,0
Migration,Migração,0
Mild,Suave,0
Military,Militares,0
Military,Militares,0
Milk,Leite,0
Mill,Moinho,0
Million,Milhão,0
Mind,Mente,0
Mine,Minha,0
Mine,Minha,0
Mineral,Mineral,0
Minimal,Mínimo,0
Minimum,Mínimo,0
Minimum,Mínimo,0
Minister,Ministro,0
Ministry,Ministério,0
Minor,Menor,0
Minority,Minoria,0
Minute,Minuto,0
Miracle,Milagre,0
Mirror,Espelho,0
Missile,Míssil,0
Missing,Ausente,0
Mission,Missão,0
Missionary,Missionário,0
Mistake,Erro,0
Mix,Misturar,0
Mixed,Misturado,0
Mixture,Mistura,0
Mm-Hmm,Mm-Hmm,0
Mobile,Móvel,0
Mode,Modo,0
Model,Modelo,0
Moderate,Moderado,0
Modern,Moderno,0
Modest,Modesto,0
Molecule,Molécula,0
Mom,Mãe,0
Moment,Momento,0
Momentum,Impulso,0
Money,Dinheiro,0
Monitor,Monitor,0
Monkey,Macaco,0
Monster,Monstro,0
Month,Mês,0
Monthly,Por Mês,0
Monument,Monumento,0
Mood,Humor,0
Moon,Lua,0
Moral,Moral,0
More,Mais,0
More,Mais,0
Moreover,Além Disso,0
Morning,Manhã,0
Mortality,Mortalidade,0
Mortgage,Hipoteca,0
Most,A Maioria,0
Most,A Maioria,0
Mostly,Majoritariamente,0
Mother,Mãe,0
Motion,Movimento,0
Motivation,Motivação,0
Motive,Motivo,0
Motor,Motor,0
Mountain,Montanha,0
Mouse,Mouse,0
Mouth,Boca,0
Move,Jogada,0
Movement,Movimento,0
Movie,Filme,0
Mr.,Senhor.,0
Mrs,Sra,0
Ms,Em,0
Much,Muito De,0
Much,Muito De,0
Mud,Lama,0
Multiple,Múltiplo,0
Municipal,Municipal,0
Murder,Assassinato,0
Muscle,Músculo,0
Museum,Museu,0
Mushroom,Cogumelo,0
Music,Música,0
Musical,Musical,0
Musician,Músico,0
Muslim,Muçulmano,0
Muslim,Muçulmano,0
Must,Devo,0
Mutual,Mútuo,0
My,Minha,0
Myself,Eu Mesmo,0
Mysterious,Misterioso,0
Mystery,Mistério,0
Myth,Mito,0
Nail,Unha,0
Naked,Nu,0
Name,Nome,0
Narrative,Narrativa,0
Narrow,Estreito,0
Nasty,Nojento,0
Nation,Nação,0
National,Nacional,0
Nationwide,Em Todo O País,0
Native,Nativo,0
Natural,Natural,0
Naturally,Naturalmente,0
Nature,Natureza,0
Naval,Naval,0
Near,Perto,0
Near,Perto,0
Near,Perto,0
Nearby,Próximo,0
Nearby,Próximo,0
Nearly,Por Pouco,0
Neat,Arrumado,0
Necessarily,Necessariamente,0
Necessary,Necessário,0
Necessity,Necessidade,0
Neck,Pescoço,0
Need,Necessidade,0
Needle,Agulha,0
Negative,Negativo,0
Negotiation,Negociação,0
Neighbor,Vizinho,0
Neighborhood,Vizinhança,0
Neighboring,Vizinho,0
Neither,Nenhum,0
Neither,Nenhum,0
Nerve,Nervo,0
Nervous,Nervoso,0
Nest,Ninho,0
Net,Internet,0
Net,Internet,0
Network,Rede,0
Neutral,Neutro,0
Never,Nunca,0
Nevertheless,Mesmo Assim,0
New,Novo,0
Newly,Recentemente,0
News,Notícias,0
Newspaper,Jornal,0
Next,Next,0
Next,Next,0
Nice,Legais,0
Night,Noite,0
Nightmare,Pesadelo,0
Nine,Nove,0
No,Não,0
No,Não,0
No,Não,0
No,Não,0
No,Não,0
Nobody,Ninguém,0
Noise,Ruído,0
Nomination,Nomeação,0
Nominee,Nomeado,0
None,Nenhum,0
Nonetheless,Não Obstante,0
Nonprofit,Sem Fins Lucrativos,0
Noon,Meio-Dia,0
Nor,Nem,0
Norm,Norma,0
Normal,Normal,0
Normally,Normalmente,0
North,Norte,0
Northeast,Nordeste,0
Northern,Norte,0
Northwest,Noroeste,0
Nose,Nariz,0
Not,Não,0
Not,Não,0
Note,Nota,0
Notebook,Caderno,0
Nothing,Nenhuma Coisa,0
Notice,Perceber,0
Notion,Noção,0
Novel,Novela,0
Now,Agora,0
Now,Agora,0
Nowhere,Em Lugar Nenhum,0
N'T,Não,0
Nuclear,Nuclear,0
Number,Número,0
Numerous,Numeroso,0
Nurse,Enfermeira,0
Nut,Porca,0
Nutrient,Nutriente,0
Oak,Carvalho,0
Object,Objeto,0
Objection,Objeção,0
Objective,Objetivo,0
Obligation,Obrigação,0
Observation,Observação,0
Observer,Observador,0
Obstacle,Obstáculo,0
Obvious,Óbvio,0
Obviously,Obviamente,0
Occasion,Ocasião,0
Occasional,Ocasional,0
Occasionally,Ocasionalmente,0
Occupation,Ocupação,0
Ocean,Oceano,0
O'Clock,Horas,0
Odd,Ímpar,0
Odds,Chances,0
Of,De,0
Off,Fora,0
Off,Fora,0
Offender,Ofensor,0
Offense,Ofensa,0
Offensive,Ofensiva,0
Offer,Oferta,0
Offering,Oferta,0
Office,Escritório,0
Officer,Policial,0
Official,Oficial,0
Official,Oficial,0
Officially,Oficialmente,0
Often,Frequentemente,0
Oh,Oh,0
Oil,Óleo,0
Ok,Ok,0
Ok,Ok,0
Okay,Ok,0
Okay,Ok,0
Old,Velho,0
Old-Fashioned,Antiquado,0
Olympic,Olímpico,0
Olympics,Olimpíadas,0
On,Sobre,0
On,Sobre,0
Once,Uma Vez,0
Once,Uma Vez,0
One,1,0
One,1,0
One,1,0
One-Third,Um Terço,0
Ongoing,Em Progresso,0
Onion,Cebola,0
Online,Conectados,0
Online,Conectados,0
Only,Só,0
Only,Só,0
Onto,Para,0
Open,Abrir,0
Opening,Abertura,0
Openly,Abertamente,0
Opera,Ópera,0
Operating,Operativo,0
Operation,Operação,0
Operator,Operador,0
Opinion,Opinião,0
Opponent,Oponente,0
Opportunity,Oportunidade,0
Opposed,Oposto,0
Opposite,Oposto,0
Opposition,Oposição,0
Optimistic,Otimista,0
Option,Opção,0
Or,Ou,0
Oral,Oral,0
Orange,Laranja,0
Orange,Laranja,0
Orbit,Órbita,0
Order,Pedido,0
Ordinary,Comum,0
Organ,Órgão,0
Organic,Orgânico,0
Organism,Organismo,0
Organization,Organização,0
Organizational,Organizacional,0
Organized,Organizado,0
Orientation,Orientação,0
Origin,Origem,0
Original,Original,0
Originally,Originalmente,0
Other,De Outros,0
Other,De Outros,0
Other,De Outros,0
Others,Outras,0
Otherwise,De Outra Forma,0
Our,Nosso,0
Ours,Nosso,0
Ourselves,Nós Mesmos,0
Out,Fora,0
Out,Fora,0
Outcome,Resultado,0
Outdoor,Ao Ar Livre,0
Outer,Exterior,0
Outfit,Equipamento,0
Outlet,Saída,0
Output,Saída,0
Outside,Lado De Fora,0
Outside,Lado De Fora,0
Outside,Lado De Fora,0
Outsider,Estranho,0
Outstanding,Excepcional,0
Oven,Forno,0
Over,Sobre,0
Over,Sobre,0
Overall,Geral,0
Overall,Geral,0
Overnight,Durante A Noite,0
Overwhelming,Muito Pesado,0
Own,Ter,0
Owner,Proprietário,0
Ownership,Propriedade,0
Oxygen,Oxigênio,0
Pace,Ritmo,0
Pack,Pacote,0
Package,Pacote,0
Pad,Almofada,0
Page,Página,0
Pain,Dor,0
Painful,Doloroso,0
Paint,Pintar,0
Painter,Pintor,0
Painting,Pintura,0
Pair,Par,0
Palace,Palácio,0
Pale,Pálido,0
Palestinian,Palestino,0
Palestinian,Palestino,0
Palm,Palma,0
Pan,Frigideira,0
Panel,Painel,0
Panic,Pânico,0
Pant,Calça,0
Paper,Papel,0
Parade,Parada,0
Parent,Pai,0
Parental,Parental,0
Parish,Freguesia,0
Park,Parque,0
Parking,Estacionamento,0
Part,Papel,0
Part,Papel,0
Part,Papel,0
Partial,Parcial,0
Partially,Parcialmente,0
Participant,Participante,0
Participation,Participação,0
Particle,Partícula,0
Particular,Especial,0
Particular,Especial,0
Particularly,Particularmente,0
Partly,Parcialmente,0
Partner,Parceiro,0
Partnership,Parceria,0
Party,Festa,0
Pass,Passar,0
Passage,Passagem,0
Passenger,Passageiro,0
Passing,Passagem,0
Passion,Paixão,0
Past,Passado,0
Past,Passado,0
Past,Passado,0
Past,Passado,0
Pasta,Massa,0
Pastor,Pastor,0
Patch,Correção,0
Patent,Patente,0
Path,Caminho,0
Patience,Paciência,0
Patient,Paciente,0
Patient,Paciente,0
Patrol,Patrulha,0
Patron,Patrono,0
Pattern,Padronizar,0
Pause,Pausa,0
Pay,Pagar,0
Payment,Forma De Pagamento,0
Pc,Pc,0
Peace,Paz,0
Peaceful,Pacífico,0
Peak,Pico,0
Peanut,Amendoim,0
Peasant,Camponês,0
Peer,Par,0
Pen,Caneta,0
Penalty,Pena,0
Pencil,Lápis,0
Pension,Pensão,0
People,Pessoas,0
Pepper,Pimenta,0
Per,Por,0
Perceived,Percebido,0
Percentage,Percentagem,0
Perception,Percepção,0
Perfect,Perfeito,0
Perfectly,Perfeitamente,0
Performance,Atuação,0
Performer,Artista,0
Perhaps,Possivelmente,0
Period,Período,0
Permanent,Permanente,0
Permission,Permissão,0
Permit,Permitir,0
Persian,Persa,0
Person,Pessoa,0
Personal,Pessoal,0
Personality,Personalidade,0
Personally,Pessoalmente,0
Personnel,Pessoal,0
Perspective,Perspectiva,0
Pet,Bicho De Estimação,0
Phase,Estágio,0
Phenomenon,Fenômeno,0
Philosophical,Filosófico,0
Philosophy,Filosofia,0
Phone,Telefone,0
Photo,Foto,0
Photograph,Fotografia,0
Photographer,Fotógrafo,0
Photography,Fotografia,0
Phrase,Frase,0
Physical,Físico,0
Physically,Fisicamente,0
Physician,Médico,0
Physics,Física,0
Piano,Piano,0
Pickup,Escolher,0
Picture,Foto,0
Pie,Torta,0
Piece,Peça,0
Pig,Porco,0
Pile,Pilha,0
Pill,Comprimido,0
Pillow,Almofada,0
Pilot,Piloto,0
Pin,Alfinete,0
Pine,Pinho,0
Pink,Cor De Rosa,0
Pioneer,Pioneiro,0
Pipe,Tubo,0
Pistol,Pistola,0
Pit,Fosso,0
Pitch,Tom,0
Pitcher,Jarro,0
Pizza,Pizza,0
Place,"Lugar, Colocar",0
Placement,Colocação,0
Plain,Plano,0
Plain,Plano,0
Plaintiff,Demandante,0
Plan,Plano,0
Plane,Avião,0
Planet,Planeta,0
Planner,Planejador,0
Planning,Planejamento,0
Plant,Plantar,0
Plastic,Plástico,0
Plate,Placa,0
Platform,Plataforma,0
Play,Toque,0
Player,Jogador,0
Playoff,Pague,0
Plea,Declarar,0
Pleasant,Prazeroso,0
Please,Por Favor,0
Pleased,Satisfeito,0
Pleasure,Prazer,0
Plenty,Bastante,0
Plot,Enredo,0
Plus,Mais,0
Pm,Pm,0
Pocket,Bolso,0
Poem,Poema,0
Poet,Poeta,0
Poetry,Poesia,0
Point,Ponto,0
Pole,Pólo,0
Police,Polícia,0
Policeman,Policial,0
Policy,Política,0
Political,Político,0
Politically,Politicamente,0
Politician,Político,0
Politics,Política,0
Poll,Votação,0
Pollution,Poluição,0
Pond,Lago,0
Pool,Piscina,0
Poor,Pobre,0
Pop,Pop,0
Popular,Popular,0
Popularity,Popularidade,0
Population,População,0
Porch,Alpendre,0
Pork,Carne De Porco,0
Port,Porta,0
Portfolio,Carteira,0
Portion,Parte,0
Portrait,Retrato,0
Position,Posição,0
Positive,Positivo,0
Possession,Posse,0
Possibility,Possibilidade,0
Possible,Possível,0
Possibly,Possivelmente,0
Post,Publicar,0
Poster,Poster,0
Pot,Panela,0
Potato,Batata,0
Potential,Potencial,0
Potential,Potencial,0
Potentially,Potencialmente,0
Pound,Libra,0
Poverty,Pobreza,0
Powder,Em Pó,0
Power,Potência,0
Powerful,Poderoso,0
Practical,Prático,0
Practically,Praticamente,0
Practice,Prática,0
Practitioner,Praticante,0
Praise,Elogio,0
Prayer,Oração,0
Precious,Precioso,0
Precise,Preciso,0
Precisely,Precisamente,0
Predator,Predador,0
Prediction,Predição,0
Preference,Preferência,0
Pregnancy,Gravidez,0
Pregnant,Grávida,0
Preliminary,Preliminares,0
Premise,Premissa,0
Premium,Prêmio,0
Preparation,Preparação,0
Prescription,Prescrição,0
Presence,Presença,0
Present,Presente,0
Present,Presente,0
Presentation,Apresentação,0
Presidency,Presidência,0
President,Presidente,0
Presidential,Presidencial,0
Press,Pressione,0
Pressure,Pressão,0
Presumably,Presumivelmente,0
Pretty,Bonito,0
Pretty,Bonito,0
Prevention,Prevenção,0
Previous,Anterior,0
Previously,Anteriormente,0
Price,Preço,0
Pride,Orgulho,0
Priest,Padre,0
Primarily,Principalmente,0
Primary,Primário,0
Primary,Primário,0
Prime,Melhor,0
Principal,Diretor,0
Principal,Diretor,0
Principle,Princípio,0
Print,Imprimir,0
Prior,Prévio,0
Prior,Prévio,0
Priority,Prioridade,0
Prison,Prisão,0
Prisoner,Prisioneiro,0
Privacy,Privacidade,0
Private,Privado,0
Privately,Privadamente,0
Privilege,Privilégio,0
Prize,Prêmio,0
Pro,Pró,0
Pro,Pró,0
Probably,Provavelmente,0
Problem,Problema,0
Procedure,Procedimento,0
Process,Processo,0
Processing,Em Processamento,0
Processor,Processador,0
Producer,Produtor,0
Product,Produtos,0
Production,Produção,0
Productive,Produtivo,0
Productivity,Produtividade,0
Profession,Profissão,0
Professional,Profissional,0
Professional,Profissional,0
Professor,Professor,0
Profile,Perfil,0
Profit,Lucro,0
Profound,Profundo,0
Program,Programa,0
Programming,Programação,0
Progress,Progresso,0
Progressive,Progressivo,0
Project,Projeto,0
Projection,Projeção,0
Prominent,Proeminente,0
Promise,Promessa,0
Promising,Promissor,0
Promotion,Promoção,0
Proof,Prova,0
Proper,Apropriado,0
Properly,Devidamente,0
Property,Propriedade,0
Proportion,Proporção,0
Proposal,Proposta,0
Proposed,Proposto,0
Prosecution,Acusação,0
Prosecutor,Promotor,0
Prospect,Perspectiva,0
Protection,Proteção,0
Protective,Protetor,0
Protein,Proteína,0
Protest,Protesto,0
Protocol,Protocolo,0
Proud,Orgulhoso,0
Provided,Forneceu,0
Provider,Fornecedor,0
Province,Província,0
Provision,Provisão,0
Psychological,Psicológico,0
Psychologist,Psicólogo,0
Psychology,Psicologia,0
Public,Público,0
Public,Público,0
Public,Público,0
Publication,Publicação,0
Publicity,Publicidade,0
Publicly,Publicamente,0
Publisher,Editor,0
Pulse,Pulso,0
Pump,Bombear,0
Punishment,Punição,0
Purchase,Comprar,0
Pure,Puro,0
Purple,Roxa,0
Purpose,Propósito,0
Purse,Bolsa,0
Pursuit,Perseguir,0
Puzzle,Quebra-Cabeça,0
Quality,Qualidade,0
Quantity,Quantidade,0
Quarter,Trimestre,0
Quarterback,Quarterback,0
Queen,Rainha,0
Quest,Busca,0
Question,Pergunta,0
Questionnaire,Questionário,0
Quick,Rápido,0
Quickly,Rapidamente,0
Quiet,Tranquilo,0
Quietly,Silenciosamente,0
Quite,Bastante,0
Quote,Citar,0
Rabbit,Coelho,0
Race,Raça,0
Racial,Racial,0
Racism,Racismo,0
Rack,Prateleira,0
Radar,Radar,0
Radiation,Radiação,0
Radical,Radical,0
Radio,Rádio,0
Rage,Raiva,0
Rail,Trilho,0
Railroad,Ferrovia,0
Rain,Chuva,0
Rally,Corrida,0
Ranch,Rancho,0
Random,Aleatória,0
Range,Alcance,0
Rank,Classificação,0
Rape,Estupro,0
Rapid,Rápido,0
Rapidly,Rapidamente,0
Rare,Cru,0
Rarely,Raramente,0
Rat,Rato,0
Rate,Avaliar,0
Rather,Em Vez,0
Rather,Em Vez,0
Rather,Em Vez,0
Rating,Avaliação,0
Ratio,Razão,0
Rational,Racional,0
Raw,Cru,0
Re,Ré,0
Reach,Alcançar,0
Reaction,Reação,0
Reader,Leitor,0
Readily,Prontamente,0
Reading,Lendo,0
Ready,Pronto,0
Real,Real,0
Realistic,Realista,0
Reality,Realidade,0
Really,Realmente,0
Realm,Reino,0
Rear,Traseira,0
Reason,Razão,0
Reasonable,Razoável,0
Rebel,Rebelde,0
Receiver,Receptor,0
Recent,Recente,0
Recently,Recentemente,0
Reception,Recepção,0
Recession,Recessão,0
Recipe,Receita,0
Recipient,Destinatário,0
Recognition,Reconhecimento,0
Recommendation,Recomendação,0
Record,Registro,0
Recording,Gravação,0
Recovery,Recuperação,0
Red,Vermelho,0
Reduction,Redução,0
Reference,Referência,0
Reflection,Reflexão,0
Reform,Reforma,0
Refrigerator,Frigorífico,0
Refuge,Refúgio,0
Refugee,Refugiado,0
Regard,Que Diz Respeito,0
Regard,Que Diz Respeito,0
Regarding,A Respeito De,0
Regardless,Independentemente,0
Regime,Regime,0
Region,Região,0
Regional,Regional,0
Regular,Regular,0
Regularly,Regularmente,0
Regulation,Regulamento,0
Regulator,Regulador,0
Regulatory,Regulatório,0
Rehabilitation,Reabilitação,0
Related,Relacionado,0
Relation,Relação,0
Relationship,Relação,0
Relative,Relativo,0
Relative,Relativo,0
Relatively,Relativamente,0
Release,Lançamento,0
Relevant,Relevante,0
Reliability,Confiabilidade,0
Reliable,Confiável,0
Relief,Alívio,0
Religion,Religião,0
Religious,Religioso,0
Reluctant,Relutante,0
Remaining,Remanescente,0
Remark,Observação,0
Remarkable,Notável,0
Reminder,Lembrete,0
Remote,Controlo Remoto,0
Removal,Remoção,0
Rent,Renda,0
Rental,Aluguel,0
Repair,Reparar,0
Repeatedly,Repetidamente,0
Replacement,Substituição,0
Report,Relatório,0
Reportedly,Supostamente,0
Reporter,Repórter,0
Reporting,Comunicando,0
Representation,Representação,0
Representative,Representante,0
Representative,Representante,0
Republic,República,0
Republican,Republicano,0
Republican,Republicano,0
Reputation,Reputação,0
Request,Solicitar,0
Required,Requeridos,0
Requirement,Requerimento,0
Rescue,Resgatar,0
Research,Pesquisa,0
Researcher,Investigador,0
Reservation,Reserva,0
Reserve,Reserva,0
Residence,Residência,0
Resident,Residente,0
Residential,Residencial,0
Resistance,Resistência,0
Resolution,Resolução,0
Resort,Recorrer,0
Resource,Recurso,0
Respect,Respeito,0
Respect,Respeito,0
Respectively,Respectivamente,0
Respondent,Respondente,0
Response,Resposta,0
Response,Resposta,0
Responsibility,Responsabilidade,0
Responsible,Responsável,0
Rest,Descanso,0
Restaurant,Restaurante,0
Restriction,Restrição,0
Result,Resultado,0
Retail,Retalho,0
Retailer,Varejista,0
Retired,Aposentado,0
Retirement,Aposentadoria,0
Retreat,Retiro,0
Return,Retorna,0
Revelation,Revelação,0
Revenue,Receita,0
Review,Reveja,0
Revolution,Revolução,0
Revolutionary,Revolucionário,0
Reward,Recompensa,0
Rhetoric,Retórica,0
Rhythm,Ritmo,0
Rib,Costela,0
Ribbon,Fita,0
Rice,Arroz,0
Rich,Rico,0
Ride,Andar De,0
Rider,Cavaleiro,0
Ridge,Cume,0
Ridiculous,Ridículo,0
Rifle,Rifle,0
Right,Direito,0
Right,Direito,0
Right,Direito,0
Rim,Aro,0
Ring,Anel,0
Riot,Tumulto,0
Rise,Ascender,0
Risk,Risco,0
Risky,Arriscado,0
Ritual,Ritual,0
Rival,Rival,0
River,Rio,0
Road,Estrada,0
Robot,Robô,0
Rock,Rocha,0
Rocket,Foguete,0
Rod,Cajado,0
Role,Função,0
Roll,Rolar,0
Rolling,Rolando,0
Roman,Romano,0
Romance,Romance,0
Romantic,Romântico,0
Roof,Cobertura,0
Room,Sala,0
Root,Raiz,0
Rope,Corda,0
Rose,Rosa,0
Rough,Rude,0
Roughly,Aproximadamente,0
Round,Arredondar,0
Round,Arredondar,0
Route,Rota,0
Routine,Rotina,0
Routinely,Rotineiramente,0
Row,Fileira,0
Royal,Real,0
Rubber,Borracha,0
Rule,Regra,0
Ruling,Governante,0
Rumor,Rumor,0
Run,Corre,0
Runner,Corredor,0
Running,Corrida,0
Running,Corrida,0
Rural,Rural,0
Rush,Correr,0
Russian,Russo,0
Russian,Russo,0
Sack,Saco,0
Sacred,Sagrado,0
Sacrifice,Sacrifício,0
Sad,Triste,0
Safe,Seguro,0
Safely,Com Segurança,0
Safety,Segurança,0
Sake,Interesse,0
Salad,Salada,0
Salary,Salário,0
Sale,Oferta,0
Sales,Vendas,0
Salmon,Salmão,0
Salt,Sal,0
Same,Mesmo,0
Sample,Amostra,0
Sanction,Sanção,0
Sand,Areia,0
Sandwich,Sanduíche,0
Satellite,Satélite,0
Satisfaction,Satisfação,0
Sauce,Molho,0
Saving,Salvando,0
Scale,Régua,0
Scandal,Escândalo,0
Scared,Assustada,0
Scary,Apavorante,0
Scenario,Cenário,0
Scene,Cena,0
Scent,Odor,0
Schedule,Cronograma,0
Scheme,Esquema,0
Scholar,Estudioso,0
Scholarship,Bolsa De Estudos,0
School,Escola,0
Science,Ciência,0
Scientific,Científico,0
Scientist,Cientista,0
Scope,Alcance,0
Score,Pontuação,0
Screen,Tela,0
Screening,Triagem,0
Script,Roteiro,0
Sculpture,Escultura,0
Sea,Mar,0
Seal,Foca,0
Search,Procurar,0
Season,Temporada,0
Seat,Assento,0
Second,Segundo,0
Second,Segundo,0
Secondary,Secundário,0
Secret,Segredo,0
Secret,Segredo,0
Secretary,Secretário,0
Section,Seção,0
Sector,Setor,0
Secular,Secular,0
Secure,Seguro,0
Security,Segurança,0
Seed,Semente,0
Seemingly,Aparentemente,0
Segment,Segmento,0
Seldom,Raramente,0
Selected,Selecionado,0
Selection,Seleção,0
Self,Auto,0
Self-Esteem,Auto Estima,0
Seller,Vendedor,0
Seminar,Seminário,0
Senate,Senado,0
Senator,Senador,0
Senior,Senior,0
Senior,Senior,0
Sensation,Sensação,0
Sense,Senso,0
Sensitive,Confidencial,0
Sensitivity,Sensibilidade,0
Sensor,Sensor,0
Sentence,Frase,0
Sentiment,Sentimento,0
Separate,Separado,0
Separation,Separação,0
Sequence,Seqüência,0
Series,Series,0
Serious,Sério,0
Seriously,A Sério,0
Servant,Servo,0
Service,Serviço,0
Serving,Servindo,0
Session,Sessão,0
Set,Definir,0
Setting,Contexto,0
Settlement,Assentamento,0
Seven,Sete,0
Seventh,Sétimo,0
Several,De Várias,0
Severe,Forte,0
Severely,Severamente,0
Sex,Sexo,0
Sexual,Sexual,0
Sexuality,Sexualidade,0
Sexually,Sexualmente,0
Sexy,Sexy,0
Shade,Sombra,0
Shadow,Sombra,0
Shallow,Raso,0
Shame,Vergonha,0
Shape,Forma,0
Share,Compartilhado,0
Shared,Compartilhado,0
Shareholder,Acionista,0
Shark,Tubarão,0
Sharp,Afiado,0
Sharply,Nitidamente,0
She,Ela,0
Sheep,Ovelha,0
Sheer,Puro,0
Sheet,Folha,0
Shelf,Estante,0
Shell,Concha,0
Shelter,Abrigo,0
Shift,Mudança,0
Ship,Enviar,0
Shirt,Camisa,0
Shit,Merda,0
Shock,Choque,0
Shoe,Sapato,0
Shooting,Tiroteio,0
Shop,Fazer Compras,0
Shopping,Shopping,0
Shore,Costa,0
Short,Baixo,0
Short,Baixo,0
Shortage,Falta,0
Shortly,Em Breve,0
Shorts,Calção,0
Short-Term,Curto Prazo,0
Shot,Tomada,0
Should,Deve,0
Shoulder,Ombro,0
Show,Exposição,0
Shower,Banho,0
Shrimp,Camarão,0
Shuttle,Transporte,0
Shy,Tímido,0
Sibling,Irmão,0
Sick,Doente,0
Side,Lateral,0
Sidewalk,Calçada,0
Sight,Visão,0
Sign,Sinal,0
Signal,Sinal,0
Signature,Assinatura,0
Significance,Significado,0
Significant,Significativo,0
Significantly,Significativamente,0
Silence,Silêncio,0
Silent,Silencioso,0
Silk,Seda,0
Silly,Boba,0
Silver,Prata,0
Similar,Semelhante,0
Similarity,Semelhança,0
Similarly,Similarmente,0
Simple,Simples,0
Simply,Simplesmente,0
Simultaneously,Simultaneamente,0
Sin,Pecado,0
Since,Desde A,0
Since,Desde A,0
Since,Desde A,0
Singer,Cantor,0
Single,Solteiro,0
Sink,Pia,0
Sir,Senhor,0
Sister,Irmã,0
Site,Local,0
Situation,Situação,0
Six,Seis,0
Sixth,Sexto,0
Size,Tamanho,0
Ski,Esqui,0
Skill,Habilidade,0
Skilled,Especializado,0
Skin,Pele,0
Skirt,Saia,0
Skull,Crânio,0
Sky,Céu,0
Slave,Escravo,0
Slavery,Escravidão,0
Sleep,Dorme,0
Sleeve,Manga,0
Slice,Fatiar,0
Slide,Deslizar,0
Slight,Pouco,0
Slightly,Levemente,0
Slope,Declive,0
Slot,Fenda,0
Slow,Lento,0
Slowly,Devagar,0
Small,Pequena,0
Smart,Inteligente,0
Smell,Cheiro,0
Smile,Sorriso,0
Smoke,Fumaça,0
Smooth,Suave,0
Snake,Cobra,0
Snow,Neve,0
So,Assim,0
So,Assim,0
Soap,Sabão,0
So-Called,Chamado,0
Soccer,Futebol,0
Social,Social,0
Socially,Socialmente,0
Society,Sociedade,0
Sock,Meia,0
Sodium,Sódio,0
Sofa,Sofá,0
Soft,Suave,0
Softly,Suavemente,0
Software,Programas,0
Soil,Solo,0
Solar,Solar,0
Soldier,Soldado,0
Sole,Único,0
Solely,Unicamente,0
Solid,Sólido,0
Solution,Solução,0
Some,Algum,0
Somebody,Alguém,0
Someday,Algum Dia,0
Somehow,De Alguma Maneira,0
Someone,Alguém,0
Something,Algo,0
Sometime,Às Vezes,0
Sometimes,Às Vezes,0
Somewhat,De Alguma Forma,0
Somewhere,Algum Lugar,0
Son,Filho,0
Song,Música,0
Soon,Em Breve,0
Soon,Em Breve,0
Sophisticated,Sofisticado,0
Sorry,Desculpe,0
Sort,Organizar,0
Soul,Alma,0
Sound,Som,0
Soup,Sopa,0
Source,Fonte,0
South,Sul,0
Southeast,Sudeste,0
Southern,Sulista,0
Southwest,Sudoeste,0
Sovereignty,Soberania,0
Soviet,Soviético,0
Space,Espaço,0
Spanish,Espanhol,0
Speaker,Alto Falante,0
Special,Especial,0
Specialist,Especialista,0
Specialty,Especialidade,0
Species,Espécies,0
Specific,Específico,0
Specifically,Especificamente,0
Spectacular,Espetacular,0
Spectrum,Espectro,0
Speculation,Especulação,0
Speech,Discurso,0
Speed,Rapidez,0
Spending,Gastando,0
Sphere,Esfera,0
Spine,Coluna Vertebral,0
Spirit,Espírito,0
Spiritual,Espiritual,0
Spite,Despeito,0
Spokesman,Porta-Voz,0
Sponsor,Patrocinador,0
Spoon,Colher,0
Sport,Esporte,0
Spot,Local,0
Spouse,Cônjuge,0
Spray,Spray,0
Spread,Propagação,0
Spring,Mola,0
Spy,Espião,0
Squad,Esquadrão,0
Square,Quadrado,0
Square,Quadrado,0
Stability,Estabilidade,0
Stable,Estábulo,0
Stack,Pilha,0
Stadium,Estádio,0
Staff,Funcionários,0
Stage,Estágio,0
Stair,Escada,0
Stake,Estaca,0
Stance,Posição,0
Stand,Ficar De Pé,0
Standard,Padrão,0
Standard,Padrão,0
Standing,De Pé,0
Star,Estrela,0
Start,Começar,0
Starter,Iniciante,0
Starting,Iniciando,0
State,Estado,0
Statement,Declaração,0
Station,Estação,0
Statistical,Estatístico,0
Statistics,Estatisticas,0
Statue,Estátua,0
Status,Status,0
Statute,Estatuto,0
Stay,Fique,0
Steadily,Firmemente,0
Steady,Estável,0
Steak,Steak,0
Steam,Vapor,0
Steel,Aço,0
Steep,Íngreme,0
Stem,Tronco,0
Step,Degrau,0
Stereotype,Estereótipo,0
Stick,Bastão,0
Stiff,Rígido,0
Still,Ainda,0
Still,Ainda,0
Stimulus,Estímulo,0
Stock,Estoque,0
Stomach,Estômago,0
Stone,Pedra,0
Stop,Pare,0
Storage,Armazenar,0
Store,Loja,0
Storm,Tempestade,0
Story,História,0
Stove,Fogão,0
Straight,Em Linha Reta,0
Straight,Em Linha Reta,0
Strain,Tensão,0
Strange,Estranho,0
Stranger,Estranho,0
Strategic,Estratégico,0
Strategy,Estratégia,0
Straw,Palha,0
Streak,À Risca,0
Stream,Stream,0
Street,Rua,0
Strength,Força,0
Stress,Estresse,0
Stretch,Alongamento,0
Strict,Rigoroso,0
Strictly,Estritamente,0
Strike,Greve,0
Striking,Impressionante,0
String,Corda,0
Strip,Faixa,0
Stroke,Acidente Vascular Encefálico,0
Strong,Forte,0
Strongly,Fortemente,0
Structural,Estrutural,0
Structure,Estrutura,0
Struggle,Luta,0
Student,Aluna,0
Studio,Estúdio,0
Study,Estudar,0
Stuff,Coisa,0
Stupid,Estúpido,0
Style,Estilo,0
Subject,Sujeito,0
Subject,Sujeito,0
Subsequent,Subseqüente,0
Subsidy,Subvenção,0
Substance,Substância,0
Substantial,Substancial,0
Substantially,Substancialmente,0
Subtle,Sutil,0
Suburb,Subúrbio,0
Suburban,Suburbano,0
Success,Sucesso,0
Successful,Bem Sucedido,0
Successfully,Com Sucesso,0
Such,Tal,0
Such,Tal,0
Sudden,Repentino,0
Sudden,Repentino,0
Suddenly,De Repente,0
Suffering,Sofrimento,0
Sufficient,Suficiente,0
Sugar,Açúcar,0
Suggestion,Sugestão,0
Suicide,Suicídio,0
Suit,Traje,0
Suitable,Adequado,0
Suite,Suíte,0
Sum,Soma,0
Summary,Resumo,0
Summer,Verão,0
Summit,Cume,0
Sun,Sol,0
Sunlight,Luz Solar,0
Sunny,Ensolarado,0
Super,Super,0
Superior,Superior,0
Supermarket,Supermercado,0
Supervisor,Supervisor,0
Supplier,Fornecedor,0
Supply,Fornecem,0
Support,"Apoio, Suporte",0
Supporter,Torcedor,0
Supportive,Solidário,0
Supposed,Suposto,0
Supposedly,Supostamente,0
Supreme,Supremo,0
Sure,Certo,0
Sure,Certo,0
Surely,Certamente,0
Surface,Superfície,0
Surgeon,Cirurgião,0
Surgery,Cirurgia,0
Surprise,Surpresa,0
Surprised,Surpreso,0
Surprising,Surpreendente,0
Surprisingly,Surpreendentemente,0
Surrounding,Em Torno Da,0
Surveillance,Vigilância,0
Survey,Pesquisa,0
Survival,Sobrevivência,0
Survivor,Sobrevivente,0
Suspect,Suspeito,0
Suspicion,Suspeita,0
Suspicious,Suspeito,0
Sustainable,Sustentável,0
Sweat,Suor,0
Sweater,Agasalho,0
Sweet,Doce,0
Swimming,Natação,0
Swing,Balanço,0
Switch,Chave,0
Sword,Espada,0
Symbol,Símbolo,0
Symbolic,Simbólico,0
Sympathy,Simpatia,0
Symptom,Sintoma,0
Syndrome,Síndrome,0
System,Sistema,0
Table,Tabela,0
Tablespoon,Colher De Sopa,0
Tactic,Tática,0
Tag,Marcação,0
Tail,Cauda,0
Tale,Conto,0
Talent,Talento,0
Talented,Talentoso,0
Talk,Conversa,0
Tall,Alto,0
Tank,Tanque,0
Tape,Fita,0
Target,Alvo,0
Task,Tarefa,0
Taste,Gosto,0
Tax,Imposto,0
Taxpayer,Contribuinte,0
Tea,Chá,0
Teacher,Professor,0
Teaching,Ensino,0
Team,Equipe,0
Teammate,Companheiro De Equipe,0
Tear,Rasgar,0
Teaspoon,Colher De Chá,0
Technical,Técnico,0
Technician,Técnico,0
Technique,Técnica,0
Technological,Tecnológica,0
Technology,Tecnologia,0
Teen,Adolescente,0
Teenage,Adolescência,0
Teenager,Adolescente,0
Telephone,Telefone,0
Telescope,Telescópio,0
Television,Televisão,0
Temperature,Temperatura,0
Temple,Têmpora,0
Temporary,Temporário,0
Ten,Dez,0
Tendency,Tendência,0
Tender,Macio,0
Tennis,Tênis,0
Tension,Tensão,0
Tent,Barraca,0
Term,Prazo,0
Terms,Termos,0
Terrain,Terreno,0
Terrible,Terrível,0
Terribly,Terrivelmente,0
Terrific,Maravilhoso,0
Territory,Território,0
Terror,Terror,0
Terrorism,Terrorismo,0
Terrorist,Terrorista,0
Terrorist,Terrorista,0
Test,Teste,0
Testimony,Testemunho,0
Testing,Testando,0
Text,Texto,0
Textbook,Livro Didático,0
Texture,Textura,0
Than,Que,0
Than,Que,0
Thanks,Obrigado,0
Thanksgiving,Ação De Graças,0
That,Naquela,0
That,Naquela,0
That,Naquela,0
The,A,0
Theater,Teatro,0
Their,Seus,0
Them,Eles,0
Theme,Tema,0
Themselves,Si Mesmos,0
Then,Então,0
Theological,Teológico,0
Theology,Teologia,0
Theoretical,Teórico,0
Theory,Teoria,0
Therapist,Terapeuta,0
Therapy,Terapia,0
There,Lá,0
There,Lá,0
Thereby,Deste Modo,0
Therefore,Portanto,0
These,Esses,0
They,Elas,0
Thick,Espesso,0
Thigh,Coxa,0
Thin,Afinar,0
Thing,Coisa,0
Thinking,Pensando,0
Third,Terceiro,0
Thirty,Trinta,0
This,Isto,0
This,Isto,0
Thoroughly,Completamente,0
Those,Essa,0
Though,No Entanto,0
Though,No Entanto,0
Thought,Pensamento,0
Thousand,Mil,0
Thread,Fio,0
Threat,Ameaça,0
Three,Três,0
Threshold,Limiar,0
Throat,Garganta,0
Through,Através Dos,0
Through,Através Dos,0
Throughout,Por Todo,0
Thumb,Polegar,0
Thus,Portanto,0
Ticket,Bilhete,0
Tide,Maré,0
Tie,Amarrar,0
Tight,Justa,0
Tight,Justa,0
Tightly,Firmemente,0
Tile,Telha,0
Till,Até,0
Till,Até,0
Timber,Madeira,0
Time,Tempo,0
Timing,Tempo,0
Tiny,Muito Pequeno,0
Tip,Gorjeta,0
Tired,Cansado,0
Tissue,Tecido,0
Title,Título,0
To,Para,0
To Abandon,Abandonar,0
To Absorb,Para Absorver,0
To Abuse,Abusar,0
To Accelerate,Acelerar,0
To Accept,Aceitar,0
To Access,Acessar,0
To Accommodate,Acomodar,0
To Accompany,Acompanhar,0
To Accomplish,Realizar,0
To Account,Para Conta,0
To Accuse,Acusar,0
To Achieve,Alcançar,0
To Acknowledge,Reconhecer,0
To Acquire,Adquirir,0
To Act,Agir,0
To Adapt,Para Adaptar,0
To Add,Adicionar,0
To Address,Endereçar,0
To Adjust,Ajustar,0
To Administer,Administrar,0
To Admire,Admirar,0
To Admit,Admitir,0
To Adopt,Adotar,0
To Advance,Avançar,0
To Advise,Para Aconselhar,0
To Advocate,Para Defender,0
To Affect,Afetar,0
To Afford,Pagar,0
To Age,Envelhecer,0
To Agree,Concordar,0
To Aid,Ajudar,0
To Aim,Mirar,0
To Allow,Permitir,0
To Alter,Para Alterar,0
To Analyze,Analisar,0
To Announce,Anunciar,0
To Answer,Para Responder,0
To Anticipate,Antecipar,0
To Apologize,Desculpar-Se,0
To Appeal,Apelar,0
To Appear,Aparecer,0
To Apply,Aplicar,0
To Appoint,Nomear,0
To Appreciate,Apreciar,0
To Approach,Aproximar-Se,0
To Approve,Aprovar,0
To Argue,Argumentar,0
To Arise,Surgir,0
To Arm,Armar,0
To Arrange,Organizar,0
To Arrest,Prender,0
To Arrive,Chegar,0
To Articulate,Articular,0
To Ask,Perguntar,0
To Assemble,Para Montar,0
To Assert,Afirmar,0
To Assess,Avaliar,0
To Assign,Atribuir,0
To Assist,Ajudar,0
To Associate,Associar,0
To Assume,Assumir,0
To Assure,Assegurar-Se,0
To Attach,Anexar,0
To Attack,Atacar,0
To Attempt,Tentar,0
To Attend,Prestar Atenção,0
To Attract,Atrair,0
To Attribute,Atribuir,0
To Authorize,Para Autorizar,0
To Average,A Média,0
To Avoid,Evitar,0
To Await,Para Esperar,0
To Award,Premiar,0
To Back,Voltar,0
To Bake,Assar,0
To Balance,Equilibrar,0
To Ban,Banir,0
To Base,Basear,0
To Battle,Batalhar,0
To Be,Ser Estar,0
To Be Born,Para Nascer,0
To Bear,Aguentar,0
To Beat,Derrotar,0
To Become,Tornar-Se,0
To Beg,Implorar,0
To Begin,Começar,0
To Behave,Comportar-Se,0
To Believe,Acreditar,0
To Belong,Pertencer,0
To Bend,Dobrar,0
To Benefit,Beneficiar,0
To Bet,Apostar,0
To Bind,Ligar,0
To Bite,Morder,0
To Blame,Culpar,0
To Blend,Misturar,0
To Bless,Abençoar,0
To Blink,Pestanejar,0
To Block,Bloquear,0
To Blow,Para Explodir,0
To Boast,Gabar,0
To Boil,Ferver,0
To Bomb,Para Bombardear,0
To Boost,Para Impulsionar,0
To Borrow,Emprestar,0
To Bother,Incomodar,0
To Bounce,Pular,0
To Bow,Curvar-Se,0
To Break,Quebrar,0
To Breathe,Respirar,0
To Bring,Trazer,0
To Broadcast,Transmitir,0
To Brush,Escovar,0
To Build,Construir,0
To Burn,Queimar,0
To Burst,Estourar,0
To Bury,Enterrar,0
To Buy,Comprar,0
To Calculate,Calcular,0
To Call,Chamar,0
To Calm,Acalmar,0
To Cancel,Cancelar,0
To Capture,Capturar,0
To Care,Importar-Se,0
To Carry,Carregar,0
To Carve,Esculpir,0
To Cast,Lançar,0
To Catch,Pegar,0
To Cause,Causar,0
To Cease,Cessar,0
To Celebrate,Celebrar,0
To Challenge,Desafiar,0
To Change,Mudar,0
To Characterize,Para Caracterizar,0
To Charge,Carregar,0
To Chase,Perseguir,0
To Cheat,Trair,0
To Check,Checar,0
To Cheer,Para Alegrar,0
To Chew,Mastigar,0
To Choose,Escolher,0
To Chop,Cortar,0
To Circle,Circular,0
To Cite,Citar,0
To Claim,Alegar,0
To Classify,Classificar,0
To Clean,Limpar,0
To Clear,Limpar,0
To Click,Clicar,0
To Climb,Escalar,0
To Cling,Agarrar-Se,0
To Close,Fechar,0
To Coach,Treinar,0
To Collapse,Colapsar,0
To Collect,Coletar,0
To Color,Colorir,0
To Combine,Combinar,0
To Come,Vir,0
To Command,Comandar,0
To Comment,Comentar,0
To Commit,Comprometer,0
To Communicate,Comunicar,0
To Compare,Comparar,0
To Compel,Para Obrigar,0
To Compete,Competir,0
To Complain,Reclamar,0
To Complete,Completar,0
To Comply,Cumprir,0
To Compose,Compor,0
To Comprise,Para Compreender,0
To Compromise,Comprometer,0
To Concede,Conceder,0
To Conceive,Conceber,0
To Concentrate,Concentrar,0
To Concern,Preocupar,0
To Conclude,Concluir,0
To Condemn,Para Condenar,0
To Conduct,Conduzir,0
To Confess,Confessar,0
To Confirm,Confirmar,0
To Confront,Confrontar,0
To Confuse,Confundir,0
To Connect,Conectar,0
To Consider,Considerar,0
To Consist,Consistir,0
To Constitute,Constituir,0
To Construct,Construir,0
To Consult,Consultar,0
To Consume,Consumir,0
To Contact,Contactar,0
To Contain,Conter,0
To Contemplate,Contemplar,0
To Contend,Lutar,0
To Continue,Continuar,0
To Contribute,Contribuir,0
To Control,Controlar,0
To Convert,Converter,0
To Convey,Transmitir,0
To Convict,Para Convencer,0
To Convince,Convencer,0
To Cook,Cozinhar,0
To Cool,Legal,0
To Cooperate,Cooperar,0
To Coordinate,Coordenar,0
To Cope,Lidar,0
To Copy,Copiar,0
To Correct,Corrigir,0
To Cost,Custar,0
To Count,Contar,0
To Counter,Para Contrariar,0
To Cover,Cobrir,0
To Crack,Rachar,0
To Crash,Bater,0
To Crawl,Rastejar,0
To Create,Para Criar,0
To Credit,Creditar,0
To Criticize,Criticar,0
To Cross,Atravessar,0
To Crowd,Aglomerar,0
To Crush,Esmagar,0
To Cry,Chorar,0
To Cure,Curar,0
To Cut,Cortar,0
To Damage,Danificar,0
To Dance,Dançar,0
To Dare,Desafiar,0
To Date,Até A Presente Data,0
To Deal,Lidar,0
To Debate,Debater,0
To Decide,Decidir,0
To Declare,Declarar,0
To Decline,Recusar,0
To Decorate,Decorar,0
To Decrease,Diminuir,0
To Dedicate,Dedicar,0
To Deem,Para Julgar,0
To Defeat,Derrotar,0
To Defend,Defender,0
To Define,Definir,0
To Delay,Atrasar,0
To Deliver,Entregar,0
To Demand,Exigir,0
To Demonstrate,Para Demonstrar,0
To Deny,Negar,0
To Depart,Partir,0
To Depend,Depender,0
To Depict,Retratar,0
To Deploy,Implantar,0
To Derive,Derivar,0
To Descend,Descer,0
To Describe,Descrever,0
To Deserve,Merecer,0
To Design,Projetar,0
To Desire,Desejar,0
To Destroy,Destruir,0
To Detect,Detectar,0
To Determine,Para Determinar,0
To Develop,Desenvolver,0
To Devote,Devotar,0
To Diagnose,Diagnosticar,0
To Dictate,Ditar,0
To Die,Morrer,0
To Differ,Diferir,0
To Dig,Cavar,0
To Diminish,Para Diminuir,0
To Dip,Mergulhar,0
To Direct,Direccionar,0
To Disagree,Discordar,0
To Disappear,Para Desaparecer,0
To Disclose,Divulgar,0
To Discourage,Desencorajar,0
To Discover,Descobrir,0
To Discuss,Discutir,0
To Dismiss,Dispensar,0
To Display,Mostrar,0
To Dissolve,Dissolver,0
To Distinguish,Distinguir,0
To Distract,Para Distrair,0
To Distribute,Distribuir,0
To Disturb,Perturbar,0
To Divide,Dividir,0
To Divorce,Divorciar,0
To Do,Façam,0
To Document,Documentar,0
To Dominate,Dominar,0
To Donate,Para Doar,0
To Double,Dobrar,0
To Doubt,Duvidar,0
To Draft,Fazer Um Rascunho,0
To Drag,Arrastar,0
To Drain,Drenar,0
To Draw,Desenhar,0
To Dream,Sonhar,0
To Dress,Vestir,0
To Drift,À Deriva,0
To Drill,Perfurar,0
To Drink,Para Beber,0
To Drive,Dirigir,0
To Drop,Derrubar,0
To Drown,Afogar,0
To Dry,Secar,0
To Dump,Despejar,0
To Earn,Ganhar,0
To Ease,Facilitar,0
To Eat,Comer,0
To Echo,A Ecoar,0
To Edit,Editar,0
To Educate,Educar,0
To Elect,Eleger,0
To Eliminate,Para Eliminar,0
To Embrace,Abraçar,0
To Emerge,Emergir,0
To Emphasize,Enfatizar,0
To Employ,Empregar,0
To Enable,Para Habilitar,0
To Enact,Para Decretar,0
To Encounter,Encontrar,0
To Encourage,Encorajar,0
To End,Terminar,0
To Endorse,Endossar,0
To Endure,Aguentar,0
To Enforce,Reforçar,0
To Engage,Envolver,0
To Enhance,Para Melhorar,0
To Enjoy,Para Curtir,0
To Enroll,Matricular,0
To Ensure,Para Garantir,0
To Enter,Entrar,0
To Entitle,Para Dar Direito,0
To Envision,A Vislumbrar,0
To Equip,Equipar,0
To Escape,Escapar,0
To Establish,Estabelecer,0
To Estimate,Estimar,0
To Evaluate,Avaliar,0
To Evolve,Evoluir,0
To Examine,Examinar,0
To Exceed,Exceder,0
To Exchange,Trocar,0
To Exclude,Excluir,0
To Excuse,Desculpar,0
To Execute,Executar,0
To Exercise,Exercitar,0
To Exhaust,Muito Cansado,0
To Exhibit,Exibir,0
To Exist,Existir,0
To Expand,Expandir,0
To Expect,Esperar,0
To Experience,Experimentar,0
To Explain,Explicar,0
To Explode,Explodir,0
To Exploit,Para Explorar,0
To Explore,Explorar,0
To Expose,Expor,0
To Express,Expressar,0
To Extend,Estender,0
To Face,Encarar,0
To Facilitate,Facilitar,0
To Fade,Desaparecer,0
To Fail,Falhar,0
To Fall,Cair,0
To Favor,Favorecer,0
To Fear,Temer,0
To Feature,Apresentar,0
To Feed,Alimentar,0
To Feel,Sentir,0
To Fight,Lutar,0
To Figure,Descobrir,0
To File,Arquivar,0
To Fill,Preencher,0
To Finance,Financiar,0
To Find,Encontrar,0
To Finish,Terminar,0
To Fire,Para Disparar,0
To Fish,Pescar,0
To Fit,Caber,0
To Fix,Consertar,0
To Flash,A Piscar,0
To Flee,Fugir,0
To Flip,Virar,0
To Float,Flutuar,0
To Flood,Inundar,0
To Flow,Fluir,0
To Fly,Voar,0
To Focus,Focar,0
To Fold,Dobrar,0
To Follow,Seguir,0
To Forbid,Proibir,0
To Force,Forçar,0
To Forget,Esquecer,0
To Forgive,Perdoar,0
To Form,Formar,0
To Foster,Para Promover,0
To Found,Encontrar,0
To Frame,Enquadrar,0
To Free,"Liberar, Libertar",0
To Freeze,Congelar,0
To Frown,Franzir A Testa,0
To Frustrate,Frustrar,0
To Function,Funcionar,0
To Fund,Financiar,0
To Gain,Ganhar,0
To Gather,Reunir,0
To Gaze,Olhar,0
To Generate,Para Gerar,0
To Get,Para Obter,0
To Give,Dar,0
To Glance,Para Olhar,0
To Go,Ir,0
To Govern,Governar,0
To Grab,Agarrar,0
To Graduate,Se Formar,0
To Grant,Conceder,0
To Grasp,Alcançar,0
To Greet,Cumprimentar,0
To Grin,A Sorrir,0
To Grow,Crescer,0
To Guarantee,Garantir,0
To Guard,Guardar,0
To Guess,Adivinhar,0
To Guide,Guiar,0
To Hand,Entregar,0
To Handle,Lidar,0
To Hang,Pendurar,0
To Happen,Acontecer,0
To Harm,Magoar,0
To Harvest,Colher,0
To Hate,Odiar,0
To Haul,Transportar,0
To Have,Ter,0
To Head,Para A Cabeça,0
To Heal,Curar,0
To Hear,Ouvir,0
To Heat,Aquecer,0
To Help,Ajudar,0
To Hesitate,Hesitar,0
To Hide,Esconder,0
To Highlight,Para Realçar,0
To Hike,Caminhar,0
To Hire,Contratar,0
To Hit,Acertar,0
To Hold,Segurar,0
To Honor,Honrar,0
To Hook,Enganchar,0
To Hope,Ter Esperança,0
To Host,Hospedar,0
To House,Para Casa,0
To Hug,Abraçar,0
To Hunt,Caçar,0
To Hurry,Apressar,0
To Hurt,Magoar,0
To Identify,Para Identificar,0
To Ignore,Ignorar,0
To Illustrate,Ilustrar,0
To Imagine,Imaginar,0
To Implement,Implementar,0
To Imply,Implicar,0
To Impose,Obrigar,0
To Impress,Impressionar,0
To Improve,Melhorar,0
To Include,Incluir,0
To Incorporate,Incorporar,0
To Increase,Para Aumentar,0
To Indicate,Indicar,0
To Influence,Influenciar,0
To Inform,Para Informar,0
To Inherit,Herdar,0
To Initiate,Iniciar,0
To Injure,Ferir,0
To Insert,Inserir,0
To Insist,Insistir,0
To Inspire,Inspirar,0
To Install,Para Instalar,0
To Instruct,Para Instruir,0
To Integrate,Integrar,0
To Intend,Pretender,0
To Interact,Interagir,0
To Interfere,Interferir,0
To Interpret,Interpretar,0
To Interrupt,Interromper,0
To Interview,Entrevistar,0
To Introduce,Para Apresentar,0
To Invade,Invadir,0
To Invent,Inventar,0
To Invest,Investir,0
To Investigate,Investigar,0
To Invite,Convidar,0
To Involve,Envolver,0
To Isolate,Isolar,0
To Issue,Emitir,0
To Join,Juntar-Se,0
To Joke,Zoar,0
To Judge,Julgar,0
To Jump,Saltar,0
To Justify,Justificar,0
To Keep,Manter,0
To Kick,Chutar,0
To Kid,Para Criança,0
To Kill,Matar,0
To Kiss,Beijar,0
To Kneel,Ajoelhar,0
To Knock,Bater,0
To Know,Saber,0
To Label,Para Rotular,0
To Lack,Faltar,0
To Land,Pousar,0
To Last,Para Durar,0
To Laugh,Rir,0
To Launch,Lançar,0
To Lay,Deitar,0
To Lead,Liderar,0
To Lean,Inclinar,0
To Leap,Pular,0
To Learn,Aprender,0
To Leave,Deixar,0
To Lend,Emprestar,0
To Let,Deixar,0
To Lie,Mentir,0
To Lift,Levantar,0
To Light,Acender,0
To Like,Gostar De,0
To Limit,Limitar,0
To Line,Para A Linha,0
To Link,Ligar,0
To List,Listar,0
To Listen,Ouvir,0
To Live,Viver,0
To Load,Carregar,0
To Locate,Localizar,0
To Lock,Trancar,0
To Look,Olhar,0
To Lose,Perder,0
To Love,Amar,0
To Lower,Abaixar,0
To Maintain,Manter,0
To Make,Fazer,0
To Manage,Gerenciar,0
To Manipulate,Manipular,0
To March,Para Março,0
To Mark,Marcar,0
To Market,Para O Mercado,0
To Marry,Casar,0
To Match,Para Combinar,0
To Matter,Importar,0
To Mean,Significar,0
To Measure,Medir,0
To Meet,Encontrar,0
To Melt,Derreter,0
To Mention,Mencionar,0
To Mind,Pensar,0
To Minimize,Para Minimizar,0
To Miss,Para Faltar,0
To Mix,Misturar,0
To Model,Modelar,0
To Modify,Para Modificar,0
To Monitor,Monitorar,0
To Motivate,Motivar,0
To Mount,Montar,0
To Move,Mover,0
To Murder,Assassinar,0
To Mutter,A Murmurar,0
To Name,Nomear,0
To Need,Precisar,0
To Negotiate,Negociar,0
To Nod,Assentir,0
To Note,Anotar,0
To Notice,Perceber,0
To Object,Objetar,0
To Observe,Observar,0
To Obtain,Obter,0
To Occupy,Para Ocupar,0
To Occur,Ocorrer,0
To Offer,Oferecer,0
To Open,Abrir,0
To Operate,Operar,0
To Oppose,Opor-Se,0
To Opt,Optar,0
To Order,Pedir,0
To Organize,Organizar,0
To Ought,Dever,0
To Outline,Delinear,0
To Overcome,Superar,0
To Overlook,Negligenciar,0
To Oversee,Supervisionar,0
To Overwhelm,A Submergir,0
To Owe,Dever,0
To Own,Possuir,0
To Pack,Fazer As Malas,0
To Paint,Pintar,0
To Park,Estacionar,0
To Participate,Participar,0
To Pass,Passar,0
To Pat,Dar Tapinhas,0
To Pause,Fazer Uma Pausa,0
To Pay,Pagar,0
To Peel,Descascar,0
To Peer,Perscrutar,0
To Perceive,Perceber,0
To Perform,Executar,0
To Permit,Permitir,0
To Persist,Persistir,0
To Persuade,Persuadir,0
To Photograph,Para Fotografar,0
To Pick,Escolher,0
To Picture,Para Fotografar,0
To Pile,Empilhar,0
To Pitch,Lançar,0
To Place,Colocar,0
To Plan,Planejar,0
To Plant,Plantar,0
To Play,Jogar,0
To Plead,Implorar,0
To Please,Agradar,0
To Plunge,Mergulhar,0
To Point,Apontar,0
To Poke,Cutucar,0
To Pop,Estourar,0
To Portray,Retratar,0
To Pose,Posar,0
To Position,Posicionar,0
To Possess,Possuir,0
To Post,Para Postar,0
To Pound,Bater,0
To Pour,Derramar,0
To Practice,Praticar,0
To Praise,Dar Elogios,0
To Pray,Para Rezar,0
To Preach,Pregar,0
To Predict,Prever,0
To Prefer,Preferir,0
To Prepare,Preparar,0
To Present,Apresentar,0
To Preserve,Preservar,0
To Press,Pressionar,0
To Pretend,Fingir,0
To Prevail,Prevalecer,0
To Prevent,Prevenir,0
To Print,Imprimir,0
To Proceed,Para Prosseguir,0
To Process,Processar,0
To Proclaim,Proclamar,0
To Produce,Para Produzir,0
To Program,Programar,0
To Prohibit,Proibir,0
To Project,Projetar,0
To Promise,Prometer,0
To Promote,Promover,0
To Prompt,Para Solicitar,0
To Propose,Propor,0
To Protect,Proteger,0
To Protest,Protestar,0
To Prove,Provar,0
To Provide,Fornecer,0
To Provoke,Provocar,0
To Publish,Publicar,0
To Pull,Puxar,0
To Pump,Bombear,0
To Punch,Socar,0
To Punish,Punir,0
To Purchase,Comprar,0
To Pursue,Perseguir,0
To Push,Para Impulsionar,0
To Put,Colocar,0
To Qualify,Qualificar,0
To Question,Questionar,0
To Quit,Para Sair,0
To Quote,Citar,0
To Race,Correr,0
To Rain,Chover,0
To Raise,Criar,0
To Range,Alcance,0
To Rank,Classificar,0
To Rate,Avaliar,0
To Reach,Alcançar,0
To React,Reagir,0
To Read,Ler,0
To Realize,Realizar,0
To Rebuild,Reconstruir,0
To Recall,Recolher,0
To Receive,Receber,0
To Recognize,Reconhecer,0
To Recommend,Recomendar,0
To Record,Gravar,0
To Recover,Recuperar,0
To Recruit,Recrutar,0
To Reduce,Reduzir,0
To Refer,Referir,0
To Reflect,Refletir,0
To Refuse,Recusar,0
To Regain,Recuperar,0
To Regard,Considerar,0
To Register,Registrar,0
To Regret,Lamentar,0
To Regulate,Regular,0
To Reinforce,Para Reforçar,0
To Reject,Rejeitar,0
To Relate,Relatar,0
To Relax,Relaxar,0
To Release,Liberar,0
To Relieve,Aliviar,0
To Rely,Confiar,0
To Remain,Para Permanecer,0
To Remark,Observar,0
To Remember,Lembrar,0
To Remind,Para Lembrar,0
To Remove,Remover,0
To Render,Para Renderizar,0
To Rent,Alugar,0
To Repair,Reparar,0
To Repeat,Repetir,0
To Replace,Substituir,0
To Reply,Responder,0
To Report,Reportar,0
To Represent,Representar,0
To Request,Para Solicitar,0
To Require,Exigir,0
To Rescue,Para Resgatar,0
To Research,Pesquisar,0
To Resemble,Comparar,0
To Reserve,Reservar,0
To Resign,Resignar,0
To Resist,Resistir,0
To Resolve,Resolver,0
To Respect,Respeitar,0
To Respond,Responder,0
To Rest,Descansar,0
To Restore,Restaurar,0
To Restrict,Restringir,0
To Result,Resultar,0
To Resume,Para Retomar,0
To Retain,Reter,0
To Retire,Aposentar-Se,0
To Return,Para Retornar,0
To Reveal,Para Revelar,0
To Reverse,Reverter,0
To Review,Rever,0
To Reward,Para Recompensar,0
To Rid,Livrar,0
To Ride,Cavalgar,0
To Ring,Tocar,0
To Rip,Rasgar,0
To Rise,Subir,0
To Risk,Arriscar,0
To Rock,Balançar,0
To Roll,Rolar,0
To Root,Enraizar,0
To Round,Para Arredondar,0
To Rub,Esfregar,0
To Ruin,Arruinar,0
To Rule,Governar,0
To Run,Para Correr,0
To Rush,Apressar,0
To Sacrifice,Sacrificar,0
To Sail,Navegar,0
To Satisfy,Satisfazer,0
To Save,Salvar,0
To Say,Dizer,0
To Scan,Digitalizar,0
To Scare,Assustar,0
To Scatter,Espalhar,0
To Schedule,Agendar,0
To Score,Pontuar,0
To Scramble,Lutar,0
To Scratch,Arranhar,0
To Scream,Gritar,0
To Screen,Para A Tela,0
To Screw,Parafusar,0
To Seal,Selar,0
To Search,Procurar,0
To Seat,Para Sentar,0
To Secure,Assegurar,0
To See,Ver,0
To Seek,Buscar,0
To Seem,Parecer,0
To Seize,Agarrar,0
To Select,Selecionar,0
To Sell,Vender,0
To Send,Enviar,0
To Sense,Sentir,0
To Separate,Separar,0
To Serve,Servir,0
To Set,Pôr,0
To Settle,Para Resolver,0
To Shake,Sacudir,0
To Shall,A Deve,0
To Shape,Moldar,0
To Share,Compartilhar,0
To Shed,Derramar,0
To Shift,Mudar,0
To Shine,Brilhar,0
To Ship,Enviar,0
To Shock,Chocar,0
To Shoot,Atirar,0
To Shop,Comprar,0
To Shout,Gritar,0
To Shove,Empurrar,0
To Show,Mostrar,0
To Shrink,A Encolher,0
To Shrug,Encolher Os Ombros,0
To Shut,Fechar,0
To Sigh,Suspirar,0
To Sign,Assinar,0
To Signal,Sinalizar,0
To Sing,Cantar,0
To Sink,Afundar,0
To Sit,Sentar,0
To Skip,Pular,0
To Slam,Bater,0
To Slap,Dar Um Tapa,0
To Sleep,Dormir,0
To Slice,Fatiar,0
To Slide,Deslizar,0
To Slip,Escorregar,0
To Slow,Abrandar,0
To Smell,Cheirar,0
To Smile,Sorrir,0
To Smoke,Fumar,0
To Snap,Estalar,0
To Sneak,Esgueirar-Se,0
To Soak,Encharcar,0
To Soar,Voar Alto,0
To Soften,Amaciar,0
To Solve,Resolver,0
To Sort,Ordenar,0
To Sound,Soar,0
To Spare,Poupar,0
To Spark,Fazer Faísca,0
To Speak,Falar,0
To Specialize,Se Especializar,0
To Specify,Especificar,0
To Speculate,Especular,0
To Speed,Acelerar,0
To Spell,Soletrar,0
To Spend,Gastar,0
To Spill,Derramar,0
To Spin,Girar,0
To Spit,Cuspir,0
To Split,Dividir,0
To Sponsor,Patrocinar,0
To Spot,Para Manchar,0
To Spread,Espalhar,0
To Spring,Pular,0
To Sprinkle,Para Polvilhar,0
To Squeeze,Espremer,0
To Stand,Para Ficar,0
To Star,Estrelar,0
To Stare,Encarar,0
To Start,Para Iniciar,0
To State,Declarar,0
To Stay,Ficar,0
To Steal,Roubar,0
To Steer,Dirigir,0
To Stem,Parar,0
To Step,Dar Um Passo,0
To Stick,Furar,0
To Stimulate,Para Estimular,0
To Stir,Mexer,0
To Stop,Parar,0
To Store,Armazenar,0
To Straighten,Endireitar,0
To Strain,Esticar,0
To Strengthen,Fortalecer,0
To Stress,Estressar,0
To Stretch,Esticar,0
To Strike,Atacar,0
To Strip,Despir,0
To Struggle,Lutar,0
To Study,Estudar,0
To Stuff,Encher,0
To Stumble,Tropeçar,0
To Submit,Submeter,0
To Succeed,Ter Sucesso,0
To Suck,Chupar,0
To Sue,Processar,0
To Suffer,Sofrer,0
To Suggest,Sugerir,0
To Suit,Para Se Adequar,0
To Supply,Suprir,0
To Support,Suportar,0
To Suppose,Para Supor,0
To Surprise,Para Surpreender,0
To Surround,Cercar,0
To Survey,Pesquisar,0
To Survive,Para Sobreviver,0
To Suspect,Suspeitar,0
To Suspend,Suspender,0
To Sustain,Sustentar,0
To Swallow,Engolir,0
To Swear,Jurar,0
To Sweep,Varrer,0
To Swell,Para Inchar,0
To Swim,Nadar,0
To Swing,Balançar,0
To Switch,Trocar,0
To Tackle,Para Enfrentar,0
To Take,Pegar,0
To Talk,Falar,0
To Tap,Tocar,0
To Target,Marcar,0
To Taste,Provar,0
To Teach,Ensinar,0
To Tear,Rasgar,0
To Tell,Contar,0
To Tend,Tender,0
To Test,Testar,0
To Testify,Testemunhar,0
To Thank,Agradecer,0
To Think,Pensar,0
To Threaten,Ameaçar,0
To Thrive,Prosperar,0
To Throw,Arremessar,0
To Tie,Amarrar,0
To Tighten,Apertar,0
To Tip,Dar Gorjeta,0
To Tire,Cansar,0
To Tolerate,Tolerar,0
To Top,Para Cima,0
To Toss,Lançar,0
To Touch,Tocar,0
To Trace,Traçar,0
To Track,Rastrear,0
To Trade,Para Negociar,0
To Trail,Trilhar,0
To Train,Treinar,0
To Transfer,Transferir,0
To Transform,Transformar,0
To Translate,Para Traduzir,0
To Transmit,Transmitir,0
To Transport,Para Transportar,0
To Trap,Prender,0
To Travel,Viajar,0
To Treat,Tratar,0
To Trigger,Acionar,0
To Trim,Aparar,0
To Trouble,Incomodar,0
To Trust,Confiar,0
To Try,Tentar,0
To Tuck,Para Dobrar,0
To Tune,Sintonizar,0
To Turn,Virar,0
To Twist,Torcer,0
To Uncover,Desmascarar,0
To Undergo,Se Submeter,0
To Undermine,Minar,0
To Understand,Para Entender,0
To Undertake,Para Empreender,0
To Unfold,Revelar,0
To Unite,Para Unir,0
To Update,Atualizar,0
To Upset,Chatear,0
To Urge,Incitar,0
To Use,Usar,0
To Utilize,Utilizar,0
To Value,Dar Valor,0
To Vanish,Desaparecer,0
To Vary,Variar,0
To View,Ver,0
To Violate,Violar,0
To Visit,Visitar,0
To Volunteer,Voluntariar,0
To Vote,Votar,0
To Wait,Esperar,0
To Wake,Acordar,0
To Walk,Andar,0
To Wander,Vagar,0
To Want,Querer,0
To Warm,Aquecer,0
To Warn,Avisar,0
To Wash,Para Lavar,0
To Waste,Desperdiçar,0
To Watch,Assistir,0
To Wave,Acenar,0
To Weaken,Enfraquecer,0
To Wear,Vestir,0
To Weave,Tecer,0
To Weigh,Pesar,0
To Welcome,Dar As Boas Vindas,0
To Whip,Chicotear,0
To Whisper,Sussurar,0
To Win,Ganhar,0
To Wind,Ventar,0
To Wipe,Para Limpar,0
To Wish,Desejar,0
To Withdraw,Sacar,0
To Witness,Testemunhar,0
To Wonder,Imaginar,0
To Work,Trabalhar,0
To Worry,Se Preocupar,0
To Wound,Ferir,0
To Wrap,Embrulhar,0
To Write,Escrever,0
To Yell,Gritar,0
To Yield,Ceder,0
Tobacco,Tabaco,0
Today,Hoje,0
Toe,Dedo Do Pé,0
Together,Juntos,0
Toilet,Toalete,0
Tolerance,Tolerância,0
Toll,Pedágio,0
Tomato,Tomate,0
Tomorrow,Amanhã,0
Tone,Tom,0
Tongue,Língua,0
Tonight,Esta Noite,0
Too,Também,0
Tool,Ferramenta,0
Tooth,Dente,0
Top,Principal,0
Top,Principal,0
Top,Principal,0
Topic,Tópico,0
Total,Total,0
Total,Total,0
Totally,Totalmente,0
Touch,Toque,0
Touchdown,Aterragem,0
Tough,Difícil,0
Tour,Tour,0
Tourism,Turismo,0
Tourist,Turista,0
Tournament,Torneio,0
Toward,Em Direção A,0
Towards,Em Direção,0
Towel,Toalha,0
Tower,Torre,0
Town,Cidade,0
Toxic,Tóxico,0
Toy,Brinquedo,0
Trace,Vestígio,0
Track,Acompanhar,0
Trade,Troca,0
Trading,Negociação,0
Tradition,Tradição,0
Traditional,Tradicional,0
Traditionally,Tradicionalmente,0
Traffic,Tráfego,0
Tragedy,Tragédia,0
Tragic,Trágico,0
Trail,Trilha,0
Trailer,Reboque,0
Train,Comboio,0
Trainer,Treinador,0
Training,Treinamento,0
Trait,Característica,0
Transaction,Transação,0
Transfer,Transferir,0
Transformation,Transformação,0
Transit,Transito,0
Transition,Transição,0
Translation,Tradução,0
Transmission,Transmissão,0
Transport,Transporte,0
Transportation,Transporte,0
Trap,Armadilha,0
Trash,Lixo,0
Trauma,Trauma,0
Travel,Viajar Por,0
Traveler,Viajante,0
Tray,Bandeja,0
Treasure,Tesouro,0
Treatment,Tratamento,0
Treaty,Tratado,0
Tree,Árvore,0
Tremendous,Tremendo,0
Trend,Tendência,0
Trial,Julgamento,0
Tribal,Tribal,0
Tribe,Tribo,0
Trick,Truque,0
Trip,Viagem,0
Triumph,Triunfo,0
Troop,Tropa,0
Tropical,Tropical,0
Trouble,Dificuldade,0
Troubled,Perturbado,0
Truck,Caminhão,0
Truly,Verdadeiramente,0
Trunk,Tronco,0
Trust,Confiar Em,0
Truth,Verdade,0
T-Shirt,Camiseta,0
Tube,Tubo,0
Tumor,Tumor,0
Tune,Afinação,0
Tunnel,Túnel,0
Turkey,Turquia,0
Turn,Vez,0
Tv,Televisão,0
Twelve,Doze,0
Twentieth,Vigésimo,0
Twenty,Vinte,0
Twice,Duas Vezes,0
Twin,Gêmeo,0
Twist,Torção,0
Two,Dois,0
Two-Thirds,Dois Terços,0
Type,Modelo,0
Typical,Típica,0
Typically,Tipicamente,0
Ugly,Feio,0
Uh,Uh,0
Ultimate,Final,0
Ultimately,Em Última Análise,0
Unable,Incapaz,0
Uncertain,Incerto,0
Uncertainty,Incerteza,0
Uncle,Tio,0
Uncomfortable,Desconfortável,0
Under,Debaixo,0
Under,Debaixo,0
Undergraduate,Estudante Universitário,0
Underlying,Subjacente,0
Understanding,Compreensão,0
Unemployment,Desemprego,0
Unexpected,Inesperado,0
Unfair,Injusto,0
Unfortunately,Infelizmente,0
Unhappy,Infeliz,0
Uniform,Uniforme,0
Union,União,0
Unique,Único,0
Unit,Unidade,0
United,Unido,0
Unity,Unidade,0
Universal,Universal,0
Universe,Universo,0
University,Universidade,0
Unknown,Desconhecido,0
Unless,A Menos Que,0
Unlike,Diferente,0
Unlike,Diferente,0
Unlikely,Improvável,0
Unprecedented,Sem Precedente,0
Until,Até,0
Until,Até,0
Unusual,Incomum,0
Up,Acima,0
Up,Acima,0
Upon,Sobre,0
Upper,Superior,0
Upset,Chateado,0
Upstairs,Lá Em Cima,0
Urban,Urbano,0
Us,Nós,0
Use,Usar,0
Used,Usava,0
Useful,Útil,0
User,Do Utilizador,0
Usual,Usual,0
Usually,Geralmente,0
Utility,Utilitário,0
Vacation,Férias,0
Vaccine,Vacina,0
Vacuum,Vácuo,0
Valid,Válido,0
Validity,Validade,0
Valley,Vale,0
Valuable,De Valor,0
Value,Valor,0
Van,Furgão,0
Variable,Variável,0
Variation,Variação,0
Variety,Variedade,0
Various,Vários,0
Vast,Grande,0
Vegetable,Vegetal,0
Vehicle,Veículo,0
Vendor,Fornecedor,0
Venture,Risco,0
Verbal,Verbal,0
Verdict,Veredito,0
Version,Versão,0
Versus,Contra,0
Vertical,Vertical,0
Very,Muito,0
Very,Muito,0
Vessel,Navio,0
Veteran,Veterano,0
Veteran,Veterano,0
Via,Através Da,0
Victim,Vítima,0
Victory,Vitória,0
Video,Vídeo,0
View,Visualizar,0
Viewer,Visualizador,0
Village,Vila,0
Violation,Violação,0
Violence,Violência,0
Violent,Violento,0
Virtual,Virtual,0
Virtually,Virtualmente,0
Virtue,Virtude,0
Virus,Vírus,0
Visible,Visível,0
Vision,Visão,0
Visit,Visita,0
Visitor,Visitante,0
Visual,Visual,0
Vital,Vital,0
Vitamin,Vitamina,0
Vocal,Vocal,0
Voice,Voz,0
Volume,Volume,0
Voluntary,Voluntário,0
Volunteer,Voluntário,0
Vote,Voto,0
Voter,Eleitor,0
Voting,Votação,0
Vs,Vs,0
Vulnerable,Vulnerável,0
Wage,Remuneração,0
Wagon,Vagão,0
Waist,Cintura,0
Wake,Acordar,0
Walk,Andar,0
Walking,Andando,0
Wall,Parede,0
War,Guerra,0
Warehouse,Armazém,0
Warm,Esquentar,0
Warmth,Cordialidade,0
Warning,Aviso,0
Warrior,Guerreiro,0
Waste,Desperdício,0
Watch,Ver,0
Water,Agua,0
Wave,Aceno,0
Way,Caminho,0
Way,Caminho,0
We,Nós,0
Weak,Fraco,0
Weakness,Fraqueza,0
Wealth,Fortuna,0
Wealthy,Próspero,0
Weapon,Arma,0
Weather,Clima,0
Web,Rede,0
Wedding,Casamento,0
Weed,Erva Daninha,0
Week,Semana,0
Weekend,Final De Semana,0
Weekly,Semanalmente,0
Weight,Peso,0
Weird,Estranhas,0
Welcome,Bem Vinda,0
Welfare,Bem-Estar,0
Well,Nós Vamos,0
Well,Nós Vamos,0
Well-Being,Bem Estar,0
Well-Known,Bem Conhecido,0
West,Oeste,0
Western,Ocidental,0
Wet,Molhado,0
Whale,Baleia,0
What,Que,0
Whatever,Qualquer Que Seja,0
Wheat,Trigo,0
Wheel,Roda,0
Wheelchair,Cadeira De Rodas,0
When,Quando,0
When,Quando,0
Whenever,Sempre Que,0
Where,Onde,0
Where,Onde,0
Whereas,Enquanto,0
Wherever,Onde Quer Que,0
Whether,Se,0
Which,Que,0
While,Enquanto,0
While,Enquanto,0
White,Branco,0
White,Branco,0
Who,Who,0
Whoever,Quem Quer Que Seja,0
Whole,Todo,0
Whole,Todo,0
Whom,O Qual,0
Whose,Cujo,0
Why,Por Quê,0
Wide,Largo,0
Widely,Largamente,0
Widespread,Difundido,0
Widow,Viúva,0
Wife,Esposa,0
Wild,Selvagem,0
Wilderness,Região Selvagem,0
Wildlife,Animais Selvagens,0
Will,Vai,0
Will,Vai,0
Willing,Disposto,0
Willingness,Disposição,0
Win,Ganhar,0
Wind,Vento,0
Window,Janela,0
Wine,Vinho,0
Wing,Asa,0
Winner,Vencedora,0
Winter,Inverno,0
Wire,Fio,0
Wisdom,Sabedoria,0
Wise,Sábio,0
Wish,Desejar,0
With,Com,0
Withdrawal,Cancelamento,0
Within,Dentro De,0
Within,Dentro De,0
Without,Sem,0
Witness,Testemunha,0
Wolf,Lobo,0
Woman,Mulher,0
Wonder,Maravilha,0
Wonderful,Maravilhoso,0
Wood,Madeira,0
Wooden,De Madeira,0
Word,Palavra,0
Work,Trabalhos,0
Worker,Trabalhador,0
Working,Trabalhando,0
Workout,Treino,0
Workplace,Local De Trabalho,0
Works,Funciona,0
Workshop,Oficina,0
World,Mundo,0
Worldwide,No Mundo Todo,0
Worldwide,No Mundo Todo,0
Worried,Preocupado,0
Worry,Preocupar,0
Worth,Valor,0
Worth,Valor,0
Would,Seria,0
Wound,Ferida,0
Wow,Uau,0
Wrist,Pulso,0
Writer,Escritor,0
Writing,Escrevendo,0
Written,Escrito,0
Wrong,Errado,0
Wrong,Errado,0
Yard,Jardim,0
Yeah,Sim,0
Year,Ano,0
Yellow,Amarelo,0
Yes,Sim,0
Yesterday,Ontem,0
Yet,Ainda,0
Yield,Colheita,0
You,Vocês,0
Young,Jovem,0
Youngster,Jovem,0
Your,Sua,0
Yours,Sua,0
Yourself,Você Mesma,0
Youth,Juventude,0
Zone,Zona,0
